"시점","가정별","인구종류별",데이터
"2000","중위 추계(기본 추계: 출산율-중위 / 기대수명-중위 / 국제순이동-중위)","생산연령인구(천명): 계(15~64세)",33702
"2000","중위 추계(기본 추계: 출산율-중위 / 기대수명-중위 / 국제순이동-중위)","생산연령인구(천명): 15-24세",7697
"2000","중위 추계(기본 추계: 출산율-중위 / 기대수명-중위 / 국제순이동-중위)","생산연령인구(천명): 25-49세",19816
"2000","중위 추계(기본 추계: 출산율-중위 / 기대수명-중위 / 국제순이동-중위)","생산연령인구(천명): 50-64세",6189
"2000","중위 추계(기본 추계: 출산율-중위 / 기대수명-중위 / 국제순이동-중위)","- 구성비(%): 15-24세",16.4
"2000","중위 추계(기본 추계: 출산율-중위 / 기대수명-중위 / 국제순이동-중위)","- 구성비(%): 25-49세",42.2
"2000","중위 추계(기본 추계: 출산율-중위 / 기대수명-중위 / 국제순이동-중위)","- 구성비(%): 50-64세",13.2
"2000","중위 추계(기본 추계: 출산율-중위 / 기대수명-중위 / 국제순이동-중위)","고령인구(천명): 65세+",3395
"2000","중위 추계(기본 추계: 출산율-중위 / 기대수명-중위 / 국제순이동-중위)","고령인구(천명): 65-69세",1381
"2000","중위 추계(기본 추계: 출산율-중위 / 기대수명-중위 / 국제순이동-중위)","고령인구(천명): 70세+",2014
"2000","중위 추계(기본 추계: 출산율-중위 / 기대수명-중위 / 국제순이동-중위)","고령인구(천명): 75세+",1091
"2000","중위 추계(기본 추계: 출산율-중위 / 기대수명-중위 / 국제순이동-중위)","고령인구(천명): 80세+",483
"2000","중위 추계(기본 추계: 출산율-중위 / 기대수명-중위 / 국제순이동-중위)","고령인구(천명): 85세+",173
"2000","중위 추계(기본 추계: 출산율-중위 / 기대수명-중위 / 국제순이동-중위)","- 구성비(%): 65세+",7.2
"2000","중위 추계(기본 추계: 출산율-중위 / 기대수명-중위 / 국제순이동-중위)","- 구성비(%): 65-69세",2.9
"2000","중위 추계(기본 추계: 출산율-중위 / 기대수명-중위 / 국제순이동-중위)","- 구성비(%): 70세+",4.3
"2000","중위 추계(기본 추계: 출산율-중위 / 기대수명-중위 / 국제순이동-중위)","- 구성비(%): 75세+",2.3
"2000","중위 추계(기본 추계: 출산율-중위 / 기대수명-중위 / 국제순이동-중위)","- 구성비(%): 80세+",1
"2000","중위 추계(기본 추계: 출산율-중위 / 기대수명-중위 / 국제순이동-중위)","- 구성비(%): 85세+",0.4
"2000","중위 추계(기본 추계: 출산율-중위 / 기대수명-중위 / 국제순이동-중위)","- 성비(여자100명당): 65세+",62
"2000","중위 추계(기본 추계: 출산율-중위 / 기대수명-중위 / 국제순이동-중위)","- 성비(여자100명당): 65-69세",75.7
"2000","중위 추계(기본 추계: 출산율-중위 / 기대수명-중위 / 국제순이동-중위)","- 성비(여자100명당): 70세+",53.8
"2000","중위 추계(기본 추계: 출산율-중위 / 기대수명-중위 / 국제순이동-중위)","- 성비(여자100명당): 75세+",47.5
"2000","중위 추계(기본 추계: 출산율-중위 / 기대수명-중위 / 국제순이동-중위)","- 성비(여자100명당): 80세+",39.1
"2000","중위 추계(기본 추계: 출산율-중위 / 기대수명-중위 / 국제순이동-중위)","- 성비(여자100명당): 85세+",30
"2000","중위 추계(기본 추계: 출산율-중위 / 기대수명-중위 / 국제순이동-중위)","학령인구(천명): 계(6-21세)",11383
"2000","중위 추계(기본 추계: 출산율-중위 / 기대수명-중위 / 국제순이동-중위)","학령인구(천명): 초등학교(6-11세)",4073
"2000","중위 추계(기본 추계: 출산율-중위 / 기대수명-중위 / 국제순이동-중위)","학령인구(천명): 중학교(12-14세)",1869
"2000","중위 추계(기본 추계: 출산율-중위 / 기대수명-중위 / 국제순이동-중위)","학령인구(천명): 고등학교(15-17세)",2166
"2000","중위 추계(기본 추계: 출산율-중위 / 기대수명-중위 / 국제순이동-중위)","학령인구(천명): 대학교(18-21세)",3275
"2000","중위 추계(기본 추계: 출산율-중위 / 기대수명-중위 / 국제순이동-중위)","청소년인구(천명): 계(9-24세)",11501
"2000","중위 추계(기본 추계: 출산율-중위 / 기대수명-중위 / 국제순이동-중위)","청소년인구(천명): 9-13세",3169
"2000","중위 추계(기본 추계: 출산율-중위 / 기대수명-중위 / 국제순이동-중위)","청소년인구(천명): 14-17세",2802
"2000","중위 추계(기본 추계: 출산율-중위 / 기대수명-중위 / 국제순이동-중위)","청소년인구(천명): 18-19세",1676
"2000","중위 추계(기본 추계: 출산율-중위 / 기대수명-중위 / 국제순이동-중위)","청소년인구(천명): 20-24세",3854
"2000","중위 추계(기본 추계: 출산율-중위 / 기대수명-중위 / 국제순이동-중위)","- 구성비(%): 9-13세",6.7
"2000","중위 추계(기본 추계: 출산율-중위 / 기대수명-중위 / 국제순이동-중위)","- 구성비(%): 14-17세",6
"2000","중위 추계(기본 추계: 출산율-중위 / 기대수명-중위 / 국제순이동-중위)","- 구성비(%): 18-19세",3.6
"2000","중위 추계(기본 추계: 출산율-중위 / 기대수명-중위 / 국제순이동-중위)","- 구성비(%): 20-24세",8.2
"2000","중위 추계(기본 추계: 출산율-중위 / 기대수명-중위 / 국제순이동-중위)","청년인구(천명): 19-34세",13305
"2000","중위 추계(기본 추계: 출산율-중위 / 기대수명-중위 / 국제순이동-중위)","- 구성비(%): 19-34세",28.3
"2000","중위 추계(기본 추계: 출산율-중위 / 기대수명-중위 / 국제순이동-중위)","유소년인구(천명): 0-14세",9911
"2000","중위 추계(기본 추계: 출산율-중위 / 기대수명-중위 / 국제순이동-중위)","- 구성비(%): 0-14세",21.1
"2000","중위 추계(기본 추계: 출산율-중위 / 기대수명-중위 / 국제순이동-중위)","영유아인구(천명): 0-5세",3969
"2000","중위 추계(기본 추계: 출산율-중위 / 기대수명-중위 / 국제순이동-중위)","- 구성비(%): 0-5세",8.4
"2001","중위 추계(기본 추계: 출산율-중위 / 기대수명-중위 / 국제순이동-중위)","생산연령인구(천명): 계(15~64세)",33947
"2001","중위 추계(기본 추계: 출산율-중위 / 기대수명-중위 / 국제순이동-중위)","생산연령인구(천명): 15-24세",7549
"2001","중위 추계(기본 추계: 출산율-중위 / 기대수명-중위 / 국제순이동-중위)","생산연령인구(천명): 25-49세",20102
"2001","중위 추계(기본 추계: 출산율-중위 / 기대수명-중위 / 국제순이동-중위)","생산연령인구(천명): 50-64세",6296
"2001","중위 추계(기본 추계: 출산율-중위 / 기대수명-중위 / 국제순이동-중위)","- 구성비(%): 15-24세",15.9
"2001","중위 추계(기본 추계: 출산율-중위 / 기대수명-중위 / 국제순이동-중위)","- 구성비(%): 25-49세",42.4
"2001","중위 추계(기본 추계: 출산율-중위 / 기대수명-중위 / 국제순이동-중위)","- 구성비(%): 50-64세",13.3
"2001","중위 추계(기본 추계: 출산율-중위 / 기대수명-중위 / 국제순이동-중위)","고령인구(천명): 65세+",3571
"2001","중위 추계(기본 추계: 출산율-중위 / 기대수명-중위 / 국제순이동-중위)","고령인구(천명): 65-69세",1461
"2001","중위 추계(기본 추계: 출산율-중위 / 기대수명-중위 / 국제순이동-중위)","고령인구(천명): 70세+",2110
"2001","중위 추계(기본 추계: 출산율-중위 / 기대수명-중위 / 국제순이동-중위)","고령인구(천명): 75세+",1146
"2001","중위 추계(기본 추계: 출산율-중위 / 기대수명-중위 / 국제순이동-중위)","고령인구(천명): 80세+",516
"2001","중위 추계(기본 추계: 출산율-중위 / 기대수명-중위 / 국제순이동-중위)","고령인구(천명): 85세+",186
"2001","중위 추계(기본 추계: 출산율-중위 / 기대수명-중위 / 국제순이동-중위)","- 구성비(%): 65세+",7.5
"2001","중위 추계(기본 추계: 출산율-중위 / 기대수명-중위 / 국제순이동-중위)","- 구성비(%): 65-69세",3.1
"2001","중위 추계(기본 추계: 출산율-중위 / 기대수명-중위 / 국제순이동-중위)","- 구성비(%): 70세+",4.5
"2001","중위 추계(기본 추계: 출산율-중위 / 기대수명-중위 / 국제순이동-중위)","- 구성비(%): 75세+",2.4
"2001","중위 추계(기본 추계: 출산율-중위 / 기대수명-중위 / 국제순이동-중위)","- 구성비(%): 80세+",1.1
"2001","중위 추계(기본 추계: 출산율-중위 / 기대수명-중위 / 국제순이동-중위)","- 구성비(%): 85세+",0.4
"2001","중위 추계(기본 추계: 출산율-중위 / 기대수명-중위 / 국제순이동-중위)","- 성비(여자100명당): 65세+",62.9
"2001","중위 추계(기본 추계: 출산율-중위 / 기대수명-중위 / 국제순이동-중위)","- 성비(여자100명당): 65-69세",77.4
"2001","중위 추계(기본 추계: 출산율-중위 / 기대수명-중위 / 국제순이동-중위)","- 성비(여자100명당): 70세+",54.2
"2001","중위 추계(기본 추계: 출산율-중위 / 기대수명-중위 / 국제순이동-중위)","- 성비(여자100명당): 75세+",47.7
"2001","중위 추계(기본 추계: 출산율-중위 / 기대수명-중위 / 국제순이동-중위)","- 성비(여자100명당): 80세+",39.5
"2001","중위 추계(기본 추계: 출산율-중위 / 기대수명-중위 / 국제순이동-중위)","- 성비(여자100명당): 85세+",30.5
"2001","중위 추계(기본 추계: 출산율-중위 / 기대수명-중위 / 국제순이동-중위)","학령인구(천명): 계(6-21세)",11277
"2001","중위 추계(기본 추계: 출산율-중위 / 기대수명-중위 / 국제순이동-중위)","학령인구(천명): 초등학교(6-11세)",4150
"2001","중위 추계(기본 추계: 출산율-중위 / 기대수명-중위 / 국제순이동-중위)","학령인구(천명): 중학교(12-14세)",1847
"2001","중위 추계(기본 추계: 출산율-중위 / 기대수명-중위 / 국제순이동-중위)","학령인구(천명): 고등학교(15-17세)",2014
"2001","중위 추계(기본 추계: 출산율-중위 / 기대수명-중위 / 국제순이동-중위)","학령인구(천명): 대학교(18-21세)",3267
"2001","중위 추계(기본 추계: 출산율-중위 / 기대수명-중위 / 국제순이동-중위)","청소년인구(천명): 계(9-24세)",11408
"2001","중위 추계(기본 추계: 출산율-중위 / 기대수명-중위 / 국제순이동-중위)","청소년인구(천명): 9-13세",3244
"2001","중위 추계(기본 추계: 출산율-중위 / 기대수명-중위 / 국제순이동-중위)","청소년인구(천명): 14-17세",2629
"2001","중위 추계(기본 추계: 출산율-중위 / 기대수명-중위 / 국제순이동-중위)","청소년인구(천명): 18-19세",1602
"2001","중위 추계(기본 추계: 출산율-중위 / 기대수명-중위 / 국제순이동-중위)","청소년인구(천명): 20-24세",3933
"2001","중위 추계(기본 추계: 출산율-중위 / 기대수명-중위 / 국제순이동-중위)","- 구성비(%): 9-13세",6.8
"2001","중위 추계(기본 추계: 출산율-중위 / 기대수명-중위 / 국제순이동-중위)","- 구성비(%): 14-17세",5.5
"2001","중위 추계(기본 추계: 출산율-중위 / 기대수명-중위 / 국제순이동-중위)","- 구성비(%): 18-19세",3.4
"2001","중위 추계(기본 추계: 출산율-중위 / 기대수명-중위 / 국제순이동-중위)","- 구성비(%): 20-24세",8.3
"2001","중위 추계(기본 추계: 출산율-중위 / 기대수명-중위 / 국제순이동-중위)","청년인구(천명): 19-34세",13316
"2001","중위 추계(기본 추계: 출산율-중위 / 기대수명-중위 / 국제순이동-중위)","- 구성비(%): 19-34세",28.1
"2001","중위 추계(기본 추계: 출산율-중위 / 기대수명-중위 / 국제순이동-중위)","유소년인구(천명): 0-14세",9852
"2001","중위 추계(기본 추계: 출산율-중위 / 기대수명-중위 / 국제순이동-중위)","- 구성비(%): 0-14세",20.8
"2001","중위 추계(기본 추계: 출산율-중위 / 기대수명-중위 / 국제순이동-중위)","영유아인구(천명): 0-5세",3856
"2001","중위 추계(기본 추계: 출산율-중위 / 기대수명-중위 / 국제순이동-중위)","- 구성비(%): 0-5세",8.1
"2002","중위 추계(기본 추계: 출산율-중위 / 기대수명-중위 / 국제순이동-중위)","생산연령인구(천명): 계(15~64세)",34155
"2002","중위 추계(기본 추계: 출산율-중위 / 기대수명-중위 / 국제순이동-중위)","생산연령인구(천명): 15-24세",7403
"2002","중위 추계(기본 추계: 출산율-중위 / 기대수명-중위 / 국제순이동-중위)","생산연령인구(천명): 25-49세",20291
"2002","중위 추계(기본 추계: 출산율-중위 / 기대수명-중위 / 국제순이동-중위)","생산연령인구(천명): 50-64세",6462
"2002","중위 추계(기본 추계: 출산율-중위 / 기대수명-중위 / 국제순이동-중위)","- 구성비(%): 15-24세",15.5
"2002","중위 추계(기본 추계: 출산율-중위 / 기대수명-중위 / 국제순이동-중위)","- 구성비(%): 25-49세",42.6
"2002","중위 추계(기본 추계: 출산율-중위 / 기대수명-중위 / 국제순이동-중위)","- 구성비(%): 50-64세",13.6
"2002","중위 추계(기본 추계: 출산율-중위 / 기대수명-중위 / 국제순이동-중위)","고령인구(천명): 65세+",3757
"2002","중위 추계(기본 추계: 출산율-중위 / 기대수명-중위 / 국제순이동-중위)","고령인구(천명): 65-69세",1528
"2002","중위 추계(기본 추계: 출산율-중위 / 기대수명-중위 / 국제순이동-중위)","고령인구(천명): 70세+",2229
"2002","중위 추계(기본 추계: 출산율-중위 / 기대수명-중위 / 국제순이동-중위)","고령인구(천명): 75세+",1206
"2002","중위 추계(기본 추계: 출산율-중위 / 기대수명-중위 / 국제순이동-중위)","고령인구(천명): 80세+",551
"2002","중위 추계(기본 추계: 출산율-중위 / 기대수명-중위 / 국제순이동-중위)","고령인구(천명): 85세+",201
"2002","중위 추계(기본 추계: 출산율-중위 / 기대수명-중위 / 국제순이동-중위)","- 구성비(%): 65세+",7.9
"2002","중위 추계(기본 추계: 출산율-중위 / 기대수명-중위 / 국제순이동-중위)","- 구성비(%): 65-69세",3.2
"2002","중위 추계(기본 추계: 출산율-중위 / 기대수명-중위 / 국제순이동-중위)","- 구성비(%): 70세+",4.7
"2002","중위 추계(기본 추계: 출산율-중위 / 기대수명-중위 / 국제순이동-중위)","- 구성비(%): 75세+",2.5
"2002","중위 추계(기본 추계: 출산율-중위 / 기대수명-중위 / 국제순이동-중위)","- 구성비(%): 80세+",1.2
"2002","중위 추계(기본 추계: 출산율-중위 / 기대수명-중위 / 국제순이동-중위)","- 구성비(%): 85세+",0.4
"2002","중위 추계(기본 추계: 출산율-중위 / 기대수명-중위 / 국제순이동-중위)","- 성비(여자100명당): 65세+",63.9
"2002","중위 추계(기본 추계: 출산율-중위 / 기대수명-중위 / 국제순이동-중위)","- 성비(여자100명당): 65-69세",79.5
"2002","중위 추계(기본 추계: 출산율-중위 / 기대수명-중위 / 국제순이동-중위)","- 성비(여자100명당): 70세+",54.6
"2002","중위 추계(기본 추계: 출산율-중위 / 기대수명-중위 / 국제순이동-중위)","- 성비(여자100명당): 75세+",48
"2002","중위 추계(기본 추계: 출산율-중위 / 기대수명-중위 / 국제순이동-중위)","- 성비(여자100명당): 80세+",40.3
"2002","중위 추계(기본 추계: 출산율-중위 / 기대수명-중위 / 국제순이동-중위)","- 성비(여자100명당): 85세+",31
"2002","중위 추계(기본 추계: 출산율-중위 / 기대수명-중위 / 국제순이동-중위)","학령인구(천명): 계(6-21세)",11115
"2002","중위 추계(기본 추계: 출산율-중위 / 기대수명-중위 / 국제순이동-중위)","학령인구(천명): 초등학교(6-11세)",4192
"2002","중위 추계(기본 추계: 출산율-중위 / 기대수명-중위 / 국제순이동-중위)","학령인구(천명): 중학교(12-14세)",1863
"2002","중위 추계(기본 추계: 출산율-중위 / 기대수명-중위 / 국제순이동-중위)","학령인구(천명): 고등학교(15-17세)",1902
"2002","중위 추계(기본 추계: 출산율-중위 / 기대수명-중위 / 국제순이동-중위)","학령인구(천명): 대학교(18-21세)",3158
"2002","중위 추계(기본 추계: 출산율-중위 / 기대수명-중위 / 국제순이동-중위)","청소년인구(천명): 계(9-24세)",11348
"2002","중위 추계(기본 추계: 출산율-중위 / 기대수명-중위 / 국제순이동-중위)","청소년인구(천명): 9-13세",3336
"2002","중위 추계(기본 추계: 출산율-중위 / 기대수명-중위 / 국제순이동-중위)","청소년인구(천명): 14-17세",2512
"2002","중위 추계(기본 추계: 출산율-중위 / 기대수명-중위 / 국제순이동-중위)","청소년인구(천명): 18-19세",1489
"2002","중위 추계(기본 추계: 출산율-중위 / 기대수명-중위 / 국제순이동-중위)","청소년인구(천명): 20-24세",4011
"2002","중위 추계(기본 추계: 출산율-중위 / 기대수명-중위 / 국제순이동-중위)","- 구성비(%): 9-13세",7
"2002","중위 추계(기본 추계: 출산율-중위 / 기대수명-중위 / 국제순이동-중위)","- 구성비(%): 14-17세",5.3
"2002","중위 추계(기본 추계: 출산율-중위 / 기대수명-중위 / 국제순이동-중위)","- 구성비(%): 18-19세",3.1
"2002","중위 추계(기본 추계: 출산율-중위 / 기대수명-중위 / 국제순이동-중위)","- 구성비(%): 20-24세",8.4
"2002","중위 추계(기본 추계: 출산율-중위 / 기대수명-중위 / 국제순이동-중위)","청년인구(천명): 19-34세",13272
"2002","중위 추계(기본 추계: 출산율-중위 / 기대수명-중위 / 국제순이동-중위)","- 구성비(%): 19-34세",27.9
"2002","중위 추계(기본 추계: 출산율-중위 / 기대수명-중위 / 국제순이동-중위)","유소년인구(천명): 0-14세",9732
"2002","중위 추계(기본 추계: 출산율-중위 / 기대수명-중위 / 국제순이동-중위)","- 구성비(%): 0-14세",20.4
"2002","중위 추계(기본 추계: 출산율-중위 / 기대수명-중위 / 국제순이동-중위)","영유아인구(천명): 0-5세",3678
"2002","중위 추계(기본 추계: 출산율-중위 / 기대수명-중위 / 국제순이동-중위)","- 구성비(%): 0-5세",7.7
"2003","중위 추계(기본 추계: 출산율-중위 / 기대수명-중위 / 국제순이동-중위)","생산연령인구(천명): 계(15~64세)",34368
"2003","중위 추계(기본 추계: 출산율-중위 / 기대수명-중위 / 국제순이동-중위)","생산연령인구(천명): 15-24세",7262
"2003","중위 추계(기본 추계: 출산율-중위 / 기대수명-중위 / 국제순이동-중위)","생산연령인구(천명): 25-49세",20481
"2003","중위 추계(기본 추계: 출산율-중위 / 기대수명-중위 / 국제순이동-중위)","생산연령인구(천명): 50-64세",6624
"2003","중위 추계(기본 추계: 출산율-중위 / 기대수명-중위 / 국제순이동-중위)","- 구성비(%): 15-24세",15.2
"2003","중위 추계(기본 추계: 출산율-중위 / 기대수명-중위 / 국제순이동-중위)","- 구성비(%): 25-49세",42.8
"2003","중위 추계(기본 추계: 출산율-중위 / 기대수명-중위 / 국제순이동-중위)","- 구성비(%): 50-64세",13.8
"2003","중위 추계(기본 추계: 출산율-중위 / 기대수명-중위 / 국제순이동-중위)","고령인구(천명): 65세+",3940
"2003","중위 추계(기본 추계: 출산율-중위 / 기대수명-중위 / 국제순이동-중위)","고령인구(천명): 65-69세",1592
"2003","중위 추계(기본 추계: 출산율-중위 / 기대수명-중위 / 국제순이동-중위)","고령인구(천명): 70세+",2348
"2003","중위 추계(기본 추계: 출산율-중위 / 기대수명-중위 / 국제순이동-중위)","고령인구(천명): 75세+",1266
"2003","중위 추계(기본 추계: 출산율-중위 / 기대수명-중위 / 국제순이동-중위)","고령인구(천명): 80세+",587
"2003","중위 추계(기본 추계: 출산율-중위 / 기대수명-중위 / 국제순이동-중위)","고령인구(천명): 85세+",211
"2003","중위 추계(기본 추계: 출산율-중위 / 기대수명-중위 / 국제순이동-중위)","- 구성비(%): 65세+",8.2
"2003","중위 추계(기본 추계: 출산율-중위 / 기대수명-중위 / 국제순이동-중위)","- 구성비(%): 65-69세",3.3
"2003","중위 추계(기본 추계: 출산율-중위 / 기대수명-중위 / 국제순이동-중위)","- 구성비(%): 70세+",4.9
"2003","중위 추계(기본 추계: 출산율-중위 / 기대수명-중위 / 국제순이동-중위)","- 구성비(%): 75세+",2.6
"2003","중위 추계(기본 추계: 출산율-중위 / 기대수명-중위 / 국제순이동-중위)","- 구성비(%): 80세+",1.2
"2003","중위 추계(기본 추계: 출산율-중위 / 기대수명-중위 / 국제순이동-중위)","- 구성비(%): 85세+",0.4
"2003","중위 추계(기본 추계: 출산율-중위 / 기대수명-중위 / 국제순이동-중위)","- 성비(여자100명당): 65세+",64.8
"2003","중위 추계(기본 추계: 출산율-중위 / 기대수명-중위 / 국제순이동-중위)","- 성비(여자100명당): 65-69세",80.8
"2003","중위 추계(기본 추계: 출산율-중위 / 기대수명-중위 / 국제순이동-중위)","- 성비(여자100명당): 70세+",55.5
"2003","중위 추계(기본 추계: 출산율-중위 / 기대수명-중위 / 국제순이동-중위)","- 성비(여자100명당): 75세+",48.2
"2003","중위 추계(기본 추계: 출산율-중위 / 기대수명-중위 / 국제순이동-중위)","- 성비(여자100명당): 80세+",40.9
"2003","중위 추계(기본 추계: 출산율-중위 / 기대수명-중위 / 국제순이동-중위)","- 성비(여자100명당): 85세+",31.8
"2003","중위 추계(기본 추계: 출산율-중위 / 기대수명-중위 / 국제순이동-중위)","학령인구(천명): 계(6-21세)",10916
"2003","중위 추계(기본 추계: 출산율-중위 / 기대수명-중위 / 국제순이동-중위)","학령인구(천명): 초등학교(6-11세)",4186
"2003","중위 추계(기본 추계: 출산율-중위 / 기대수명-중위 / 국제순이동-중위)","학령인구(천명): 중학교(12-14세)",1913
"2003","중위 추계(기본 추계: 출산율-중위 / 기대수명-중위 / 국제순이동-중위)","학령인구(천명): 고등학교(15-17세)",1846
"2003","중위 추계(기본 추계: 출산율-중위 / 기대수명-중위 / 국제순이동-중위)","학령인구(천명): 대학교(18-21세)",2971
"2003","중위 추계(기본 추계: 출산율-중위 / 기대수명-중위 / 국제순이동-중위)","청소년인구(천명): 계(9-24세)",11297
"2003","중위 추계(기본 추계: 출산율-중위 / 기대수명-중위 / 국제순이동-중위)","청소년인구(천명): 9-13세",3421
"2003","중위 추계(기본 추계: 출산율-중위 / 기대수명-중위 / 국제순이동-중위)","청소년인구(천명): 14-17세",2461
"2003","중위 추계(기본 추계: 출산율-중위 / 기대수명-중위 / 국제순이동-중위)","청소년인구(천명): 18-19세",1371
"2003","중위 추계(기본 추계: 출산율-중위 / 기대수명-중위 / 국제순이동-중위)","청소년인구(천명): 20-24세",4046
"2003","중위 추계(기본 추계: 출산율-중위 / 기대수명-중위 / 국제순이동-중위)","- 구성비(%): 9-13세",7.1
"2003","중위 추계(기본 추계: 출산율-중위 / 기대수명-중위 / 국제순이동-중위)","- 구성비(%): 14-17세",5.1
"2003","중위 추계(기본 추계: 출산율-중위 / 기대수명-중위 / 국제순이동-중위)","- 구성비(%): 18-19세",2.9
"2003","중위 추계(기본 추계: 출산율-중위 / 기대수명-중위 / 국제순이동-중위)","- 구성비(%): 20-24세",8.4
"2003","중위 추계(기본 추계: 출산율-중위 / 기대수명-중위 / 국제순이동-중위)","청년인구(천명): 19-34세",13173
"2003","중위 추계(기본 추계: 출산율-중위 / 기대수명-중위 / 국제순이동-중위)","- 구성비(%): 19-34세",27.5
"2003","중위 추계(기본 추계: 출산율-중위 / 기대수명-중위 / 국제순이동-중위)","유소년인구(천명): 0-14세",9585
"2003","중위 추계(기본 추계: 출산율-중위 / 기대수명-중위 / 국제순이동-중위)","- 구성비(%): 0-14세",20
"2003","중위 추계(기본 추계: 출산율-중위 / 기대수명-중위 / 국제순이동-중위)","영유아인구(천명): 0-5세",3486
"2003","중위 추계(기본 추계: 출산율-중위 / 기대수명-중위 / 국제순이동-중위)","- 구성비(%): 0-5세",7.3
"2004","중위 추계(기본 추계: 출산율-중위 / 기대수명-중위 / 국제순이동-중위)","생산연령인구(천명): 계(15~64세)",34522
"2004","중위 추계(기본 추계: 출산율-중위 / 기대수명-중위 / 국제순이동-중위)","생산연령인구(천명): 15-24세",7079
"2004","중위 추계(기본 추계: 출산율-중위 / 기대수명-중위 / 국제순이동-중위)","생산연령인구(천명): 25-49세",20634
"2004","중위 추계(기본 추계: 출산율-중위 / 기대수명-중위 / 국제순이동-중위)","생산연령인구(천명): 50-64세",6808
"2004","중위 추계(기본 추계: 출산율-중위 / 기대수명-중위 / 국제순이동-중위)","- 구성비(%): 15-24세",14.7
"2004","중위 추계(기본 추계: 출산율-중위 / 기대수명-중위 / 국제순이동-중위)","- 구성비(%): 25-49세",42.9
"2004","중위 추계(기본 추계: 출산율-중위 / 기대수명-중위 / 국제순이동-중위)","- 구성비(%): 50-64세",14.2
"2004","중위 추계(기본 추계: 출산율-중위 / 기대수명-중위 / 국제순이동-중위)","고령인구(천명): 65세+",4130
"2004","중위 추계(기본 추계: 출산율-중위 / 기대수명-중위 / 국제순이동-중위)","고령인구(천명): 65-69세",1650
"2004","중위 추계(기본 추계: 출산율-중위 / 기대수명-중위 / 국제순이동-중위)","고령인구(천명): 70세+",2481
"2004","중위 추계(기본 추계: 출산율-중위 / 기대수명-중위 / 국제순이동-중위)","고령인구(천명): 75세+",1340
"2004","중위 추계(기본 추계: 출산율-중위 / 기대수명-중위 / 국제순이동-중위)","고령인구(천명): 80세+",626
"2004","중위 추계(기본 추계: 출산율-중위 / 기대수명-중위 / 국제순이동-중위)","고령인구(천명): 85세+",221
"2004","중위 추계(기본 추계: 출산율-중위 / 기대수명-중위 / 국제순이동-중위)","- 구성비(%): 65세+",8.6
"2004","중위 추계(기본 추계: 출산율-중위 / 기대수명-중위 / 국제순이동-중위)","- 구성비(%): 65-69세",3.4
"2004","중위 추계(기본 추계: 출산율-중위 / 기대수명-중위 / 국제순이동-중위)","- 구성비(%): 70세+",5.2
"2004","중위 추계(기본 추계: 출산율-중위 / 기대수명-중위 / 국제순이동-중위)","- 구성비(%): 75세+",2.8
"2004","중위 추계(기본 추계: 출산율-중위 / 기대수명-중위 / 국제순이동-중위)","- 구성비(%): 80세+",1.3
"2004","중위 추계(기본 추계: 출산율-중위 / 기대수명-중위 / 국제순이동-중위)","- 구성비(%): 85세+",0.5
"2004","중위 추계(기본 추계: 출산율-중위 / 기대수명-중위 / 국제순이동-중위)","- 성비(여자100명당): 65세+",65.5
"2004","중위 추계(기본 추계: 출산율-중위 / 기대수명-중위 / 국제순이동-중위)","- 성비(여자100명당): 65-69세",81.4
"2004","중위 추계(기본 추계: 출산율-중위 / 기대수명-중위 / 국제순이동-중위)","- 성비(여자100명당): 70세+",56.3
"2004","중위 추계(기본 추계: 출산율-중위 / 기대수명-중위 / 국제순이동-중위)","- 성비(여자100명당): 75세+",48.2
"2004","중위 추계(기본 추계: 출산율-중위 / 기대수명-중위 / 국제순이동-중위)","- 성비(여자100명당): 80세+",41.4
"2004","중위 추계(기본 추계: 출산율-중위 / 기대수명-중위 / 국제순이동-중위)","- 성비(여자100명당): 85세+",32.7
"2004","중위 추계(기본 추계: 출산율-중위 / 기대수명-중위 / 국제순이동-중위)","학령인구(천명): 계(6-21세)",10701
"2004","중위 추계(기본 추계: 출산율-중위 / 기대수명-중위 / 국제순이동-중위)","학령인구(천명): 초등학교(6-11세)",4118
"2004","중위 추계(기본 추계: 출산율-중위 / 기대수명-중위 / 국제순이동-중위)","학령인구(천명): 중학교(12-14세)",1993
"2004","중위 추계(기본 추계: 출산율-중위 / 기대수명-중위 / 국제순이동-중위)","학령인구(천명): 고등학교(15-17세)",1824
"2004","중위 추계(기본 추계: 출산율-중위 / 기대수명-중위 / 국제순이동-중위)","학령인구(천명): 대학교(18-21세)",2766
"2004","중위 추계(기본 추계: 출산율-중위 / 기대수명-중위 / 국제순이동-중위)","청소년인구(천명): 계(9-24세)",11189
"2004","중위 추계(기본 추계: 출산율-중위 / 기대수명-중위 / 국제순이동-중위)","청소년인구(천명): 9-13세",3477
"2004","중위 추계(기본 추계: 출산율-중위 / 기대수명-중위 / 국제순이동-중위)","청소년인구(천명): 14-17세",2457
"2004","중위 추계(기본 추계: 출산율-중위 / 기대수명-중위 / 국제순이동-중위)","청소년인구(천명): 18-19세",1285
"2004","중위 추계(기본 추계: 출산율-중위 / 기대수명-중위 / 국제순이동-중위)","청소년인구(천명): 20-24세",3971
"2004","중위 추계(기본 추계: 출산율-중위 / 기대수명-중위 / 국제순이동-중위)","- 구성비(%): 9-13세",7.2
"2004","중위 추계(기본 추계: 출산율-중위 / 기대수명-중위 / 국제순이동-중위)","- 구성비(%): 14-17세",5.1
"2004","중위 추계(기본 추계: 출산율-중위 / 기대수명-중위 / 국제순이동-중위)","- 구성비(%): 18-19세",2.7
"2004","중위 추계(기본 추계: 출산율-중위 / 기대수명-중위 / 국제순이동-중위)","- 구성비(%): 20-24세",8.3
"2004","중위 추계(기본 추계: 출산율-중위 / 기대수명-중위 / 국제순이동-중위)","청년인구(천명): 19-34세",12929
"2004","중위 추계(기본 추계: 출산율-중위 / 기대수명-중위 / 국제순이동-중위)","- 구성비(%): 19-34세",26.9
"2004","중위 추계(기본 추계: 출산율-중위 / 기대수명-중위 / 국제순이동-중위)","유소년인구(천명): 0-14세",9431
"2004","중위 추계(기본 추계: 출산율-중위 / 기대수명-중위 / 국제순이동-중위)","- 구성비(%): 0-14세",19.6
"2004","중위 추계(기본 추계: 출산율-중위 / 기대수명-중위 / 국제순이동-중위)","영유아인구(천명): 0-5세",3320
"2004","중위 추계(기본 추계: 출산율-중위 / 기대수명-중위 / 국제순이동-중위)","- 구성비(%): 0-5세",6.9
"2005","중위 추계(기본 추계: 출산율-중위 / 기대수명-중위 / 국제순이동-중위)","생산연령인구(천명): 계(15~64세)",34641
"2005","중위 추계(기본 추계: 출산율-중위 / 기대수명-중위 / 국제순이동-중위)","생산연령인구(천명): 15-24세",6869
"2005","중위 추계(기본 추계: 출산율-중위 / 기대수명-중위 / 국제순이동-중위)","생산연령인구(천명): 25-49세",20678
"2005","중위 추계(기본 추계: 출산율-중위 / 기대수명-중위 / 국제순이동-중위)","생산연령인구(천명): 50-64세",7094
"2005","중위 추계(기본 추계: 출산율-중위 / 기대수명-중위 / 국제순이동-중위)","- 구성비(%): 15-24세",14.3
"2005","중위 추계(기본 추계: 출산율-중위 / 기대수명-중위 / 국제순이동-중위)","- 구성비(%): 25-49세",42.9
"2005","중위 추계(기본 추계: 출산율-중위 / 기대수명-중위 / 국제순이동-중위)","- 구성비(%): 50-64세",14.7
"2005","중위 추계(기본 추계: 출산율-중위 / 기대수명-중위 / 국제순이동-중위)","고령인구(천명): 65세+",4321
"2005","중위 추계(기본 추계: 출산율-중위 / 기대수명-중위 / 국제순이동-중위)","고령인구(천명): 65-69세",1690
"2005","중위 추계(기본 추계: 출산율-중위 / 기대수명-중위 / 국제순이동-중위)","고령인구(천명): 70세+",2631
"2005","중위 추계(기본 추계: 출산율-중위 / 기대수명-중위 / 국제순이동-중위)","고령인구(천명): 75세+",1416
"2005","중위 추계(기본 추계: 출산율-중위 / 기대수명-중위 / 국제순이동-중위)","고령인구(천명): 80세+",664
"2005","중위 추계(기본 추계: 출산율-중위 / 기대수명-중위 / 국제순이동-중위)","고령인구(천명): 85세+",235
"2005","중위 추계(기본 추계: 출산율-중위 / 기대수명-중위 / 국제순이동-중위)","- 구성비(%): 65세+",9
"2005","중위 추계(기본 추계: 출산율-중위 / 기대수명-중위 / 국제순이동-중위)","- 구성비(%): 65-69세",3.5
"2005","중위 추계(기본 추계: 출산율-중위 / 기대수명-중위 / 국제순이동-중위)","- 구성비(%): 70세+",5.5
"2005","중위 추계(기본 추계: 출산율-중위 / 기대수명-중위 / 국제순이동-중위)","- 구성비(%): 75세+",2.9
"2005","중위 추계(기본 추계: 출산율-중위 / 기대수명-중위 / 국제순이동-중위)","- 구성비(%): 80세+",1.4
"2005","중위 추계(기본 추계: 출산율-중위 / 기대수명-중위 / 국제순이동-중위)","- 구성비(%): 85세+",0.5
"2005","중위 추계(기본 추계: 출산율-중위 / 기대수명-중위 / 국제순이동-중위)","- 성비(여자100명당): 65세+",66.2
"2005","중위 추계(기본 추계: 출산율-중위 / 기대수명-중위 / 국제순이동-중위)","- 성비(여자100명당): 65-69세",82.5
"2005","중위 추계(기본 추계: 출산율-중위 / 기대수명-중위 / 국제순이동-중위)","- 성비(여자100명당): 70세+",57.1
"2005","중위 추계(기본 추계: 출산율-중위 / 기대수명-중위 / 국제순이동-중위)","- 성비(여자100명당): 75세+",48.4
"2005","중위 추계(기본 추계: 출산율-중위 / 기대수명-중위 / 국제순이동-중위)","- 성비(여자100명당): 80세+",42
"2005","중위 추계(기본 추계: 출산율-중위 / 기대수명-중위 / 국제순이동-중위)","- 성비(여자100명당): 85세+",33.5
"2005","중위 추계(기본 추계: 출산율-중위 / 기대수명-중위 / 국제순이동-중위)","학령인구(천명): 계(6-21세)",10519
"2005","중위 추계(기본 추계: 출산율-중위 / 기대수명-중위 / 국제순이동-중위)","학령인구(천명): 초등학교(6-11세)",4018
"2005","중위 추계(기본 추계: 출산율-중위 / 기대수명-중위 / 국제순이동-중위)","학령인구(천명): 중학교(12-14세)",2064
"2005","중위 추계(기본 추계: 출산율-중위 / 기대수명-중위 / 국제순이동-중위)","학령인구(천명): 고등학교(15-17세)",1841
"2005","중위 추계(기본 추계: 출산율-중위 / 기대수명-중위 / 국제순이동-중위)","학령인구(천명): 대학교(18-21세)",2596
"2005","중위 추계(기본 추계: 출산율-중위 / 기대수명-중위 / 국제순이동-중위)","청소년인구(천명): 계(9-24세)",11022
"2005","중위 추계(기본 추계: 출산율-중위 / 기대수명-중위 / 국제순이동-중위)","청소년인구(천명): 9-13세",3496
"2005","중위 추계(기본 추계: 출산율-중위 / 기대수명-중위 / 국제순이동-중위)","청소년인구(천명): 14-17세",2498
"2005","중위 추계(기본 추계: 출산율-중위 / 기대수명-중위 / 국제순이동-중위)","청소년인구(천명): 18-19세",1239
"2005","중위 추계(기본 추계: 출산율-중위 / 기대수명-중위 / 국제순이동-중위)","청소년인구(천명): 20-24세",3789
"2005","중위 추계(기본 추계: 출산율-중위 / 기대수명-중위 / 국제순이동-중위)","- 구성비(%): 9-13세",7.3
"2005","중위 추계(기본 추계: 출산율-중위 / 기대수명-중위 / 국제순이동-중위)","- 구성비(%): 14-17세",5.2
"2005","중위 추계(기본 추계: 출산율-중위 / 기대수명-중위 / 국제순이동-중위)","- 구성비(%): 18-19세",2.6
"2005","중위 추계(기본 추계: 출산율-중위 / 기대수명-중위 / 국제순이동-중위)","- 구성비(%): 20-24세",7.9
"2005","중위 추계(기본 추계: 출산율-중위 / 기대수명-중위 / 국제순이동-중위)","청년인구(천명): 19-34세",12623
"2005","중위 추계(기본 추계: 출산율-중위 / 기대수명-중위 / 국제순이동-중위)","- 구성비(%): 19-34세",26.2
"2005","중위 추계(기본 추계: 출산율-중위 / 기대수명-중위 / 국제순이동-중위)","유소년인구(천명): 0-14세",9223
"2005","중위 추계(기본 추계: 출산율-중위 / 기대수명-중위 / 국제순이동-중위)","- 구성비(%): 0-14세",19.1
"2005","중위 추계(기본 추계: 출산율-중위 / 기대수명-중위 / 국제순이동-중위)","영유아인구(천명): 0-5세",3142
"2005","중위 추계(기본 추계: 출산율-중위 / 기대수명-중위 / 국제순이동-중위)","- 구성비(%): 0-5세",6.5
"2006","중위 추계(기본 추계: 출산율-중위 / 기대수명-중위 / 국제순이동-중위)","생산연령인구(천명): 계(15~64세)",34933
"2006","중위 추계(기본 추계: 출산율-중위 / 기대수명-중위 / 국제순이동-중위)","생산연령인구(천명): 15-24세",6690
"2006","중위 추계(기본 추계: 출산율-중위 / 기대수명-중위 / 국제순이동-중위)","생산연령인구(천명): 25-49세",20839
"2006","중위 추계(기본 추계: 출산율-중위 / 기대수명-중위 / 국제순이동-중위)","생산연령인구(천명): 50-64세",7404
"2006","중위 추계(기본 추계: 출산율-중위 / 기대수명-중위 / 국제순이동-중위)","- 구성비(%): 15-24세",13.8
"2006","중위 추계(기본 추계: 출산율-중위 / 기대수명-중위 / 국제순이동-중위)","- 구성비(%): 25-49세",43
"2006","중위 추계(기본 추계: 출산율-중위 / 기대수명-중위 / 국제순이동-중위)","- 구성비(%): 50-64세",15.3
"2006","중위 추계(기본 추계: 출산율-중위 / 기대수명-중위 / 국제순이동-중위)","고령인구(천명): 65세+",4526
"2006","중위 추계(기본 추계: 출산율-중위 / 기대수명-중위 / 국제순이동-중위)","고령인구(천명): 65-69세",1735
"2006","중위 추계(기본 추계: 출산율-중위 / 기대수명-중위 / 국제순이동-중위)","고령인구(천명): 70세+",2791
"2006","중위 추계(기본 추계: 출산율-중위 / 기대수명-중위 / 국제순이동-중위)","고령인구(천명): 75세+",1496
"2006","중위 추계(기본 추계: 출산율-중위 / 기대수명-중위 / 국제순이동-중위)","고령인구(천명): 80세+",705
"2006","중위 추계(기본 추계: 출산율-중위 / 기대수명-중위 / 국제순이동-중위)","고령인구(천명): 85세+",256
"2006","중위 추계(기본 추계: 출산율-중위 / 기대수명-중위 / 국제순이동-중위)","- 구성비(%): 65세+",9.3
"2006","중위 추계(기본 추계: 출산율-중위 / 기대수명-중위 / 국제순이동-중위)","- 구성비(%): 65-69세",3.6
"2006","중위 추계(기본 추계: 출산율-중위 / 기대수명-중위 / 국제순이동-중위)","- 구성비(%): 70세+",5.8
"2006","중위 추계(기본 추계: 출산율-중위 / 기대수명-중위 / 국제순이동-중위)","- 구성비(%): 75세+",3.1
"2006","중위 추계(기본 추계: 출산율-중위 / 기대수명-중위 / 국제순이동-중위)","- 구성비(%): 80세+",1.5
"2006","중위 추계(기본 추계: 출산율-중위 / 기대수명-중위 / 국제순이동-중위)","- 구성비(%): 85세+",0.5
"2006","중위 추계(기본 추계: 출산율-중위 / 기대수명-중위 / 국제순이동-중위)","- 성비(여자100명당): 65세+",66.9
"2006","중위 추계(기본 추계: 출산율-중위 / 기대수명-중위 / 국제순이동-중위)","- 성비(여자100명당): 65-69세",83.3
"2006","중위 추계(기본 추계: 출산율-중위 / 기대수명-중위 / 국제순이동-중위)","- 성비(여자100명당): 70세+",58
"2006","중위 추계(기본 추계: 출산율-중위 / 기대수명-중위 / 국제순이동-중위)","- 성비(여자100명당): 75세+",48.8
"2006","중위 추계(기본 추계: 출산율-중위 / 기대수명-중위 / 국제순이동-중위)","- 성비(여자100명당): 80세+",42.3
"2006","중위 추계(기본 추계: 출산율-중위 / 기대수명-중위 / 국제순이동-중위)","- 성비(여자100명당): 85세+",34.1
"2006","중위 추계(기본 추계: 출산율-중위 / 기대수명-중위 / 국제순이동-중위)","학령인구(천명): 계(6-21세)",10409
"2006","중위 추계(기본 추계: 출산율-중위 / 기대수명-중위 / 국제순이동-중위)","학령인구(천명): 초등학교(6-11세)",3919
"2006","중위 추계(기본 추계: 출산율-중위 / 기대수명-중위 / 국제순이동-중위)","학령인구(천명): 중학교(12-14세)",2104
"2006","중위 추계(기본 추계: 출산율-중위 / 기대수명-중위 / 국제순이동-중위)","학령인구(천명): 고등학교(15-17세)",1888
"2006","중위 추계(기본 추계: 출산율-중위 / 기대수명-중위 / 국제순이동-중위)","학령인구(천명): 대학교(18-21세)",2497
"2006","중위 추계(기본 추계: 출산율-중위 / 기대수명-중위 / 국제순이동-중위)","청소년인구(천명): 계(9-24세)",10840
"2006","중위 추계(기본 추계: 출산율-중위 / 기대수명-중위 / 국제순이동-중위)","청소년인구(천명): 9-13세",3454
"2006","중위 추계(기본 추계: 출산율-중위 / 기대수명-중위 / 국제순이동-중위)","청소년인구(천명): 14-17세",2584
"2006","중위 추계(기본 추계: 출산율-중위 / 기대수명-중위 / 국제순이동-중위)","청소년인구(천명): 18-19세",1215
"2006","중위 추계(기본 추계: 출산율-중위 / 기대수명-중위 / 국제순이동-중위)","청소년인구(천명): 20-24세",3587
"2006","중위 추계(기본 추계: 출산율-중위 / 기대수명-중위 / 국제순이동-중위)","- 구성비(%): 9-13세",7.1
"2006","중위 추계(기본 추계: 출산율-중위 / 기대수명-중위 / 국제순이동-중위)","- 구성비(%): 14-17세",5.3
"2006","중위 추계(기본 추계: 출산율-중위 / 기대수명-중위 / 국제순이동-중위)","- 구성비(%): 18-19세",2.5
"2006","중위 추계(기본 추계: 출산율-중위 / 기대수명-중위 / 국제순이동-중위)","- 구성비(%): 20-24세",7.4
"2006","중위 추계(기본 추계: 출산율-중위 / 기대수명-중위 / 국제순이동-중위)","청년인구(천명): 19-34세",12352
"2006","중위 추계(기본 추계: 출산율-중위 / 기대수명-중위 / 국제순이동-중위)","- 구성비(%): 19-34세",25.5
"2006","중위 추계(기본 추계: 출산율-중위 / 기대수명-중위 / 국제순이동-중위)","유소년인구(천명): 0-14세",8980
"2006","중위 추계(기본 추계: 출산율-중위 / 기대수명-중위 / 국제순이동-중위)","- 구성비(%): 0-14세",18.5
"2006","중위 추계(기본 추계: 출산율-중위 / 기대수명-중위 / 국제순이동-중위)","영유아인구(천명): 0-5세",2956
"2006","중위 추계(기본 추계: 출산율-중위 / 기대수명-중위 / 국제순이동-중위)","- 구성비(%): 0-5세",6.1
"2007","중위 추계(기본 추계: 출산율-중위 / 기대수명-중위 / 국제순이동-중위)","생산연령인구(천명): 계(15~64세)",35209
"2007","중위 추계(기본 추계: 출산율-중위 / 기대수명-중위 / 국제순이동-중위)","생산연령인구(천명): 15-24세",6565
"2007","중위 추계(기본 추계: 출산율-중위 / 기대수명-중위 / 국제순이동-중위)","생산연령인구(천명): 25-49세",20952
"2007","중위 추계(기본 추계: 출산율-중위 / 기대수명-중위 / 국제순이동-중위)","생산연령인구(천명): 50-64세",7692
"2007","중위 추계(기본 추계: 출산율-중위 / 기대수명-중위 / 국제순이동-중위)","- 구성비(%): 15-24세",13.5
"2007","중위 추계(기본 추계: 출산율-중위 / 기대수명-중위 / 국제순이동-중위)","- 구성비(%): 25-49세",43
"2007","중위 추계(기본 추계: 출산율-중위 / 기대수명-중위 / 국제순이동-중위)","- 구성비(%): 50-64세",15.8
"2007","중위 추계(기본 추계: 출산율-중위 / 기대수명-중위 / 국제순이동-중위)","고령인구(천명): 65세+",4761
"2007","중위 추계(기본 추계: 출산율-중위 / 기대수명-중위 / 국제순이동-중위)","고령인구(천명): 65-69세",1805
"2007","중위 추계(기본 추계: 출산율-중위 / 기대수명-중위 / 국제순이동-중위)","고령인구(천명): 70세+",2956
"2007","중위 추계(기본 추계: 출산율-중위 / 기대수명-중위 / 국제순이동-중위)","고령인구(천명): 75세+",1594
"2007","중위 추계(기본 추계: 출산율-중위 / 기대수명-중위 / 국제순이동-중위)","고령인구(천명): 80세+",749
"2007","중위 추계(기본 추계: 출산율-중위 / 기대수명-중위 / 국제순이동-중위)","고령인구(천명): 85세+",279
"2007","중위 추계(기본 추계: 출산율-중위 / 기대수명-중위 / 국제순이동-중위)","- 구성비(%): 65세+",9.8
"2007","중위 추계(기본 추계: 출산율-중위 / 기대수명-중위 / 국제순이동-중위)","- 구성비(%): 65-69세",3.7
"2007","중위 추계(기본 추계: 출산율-중위 / 기대수명-중위 / 국제순이동-중위)","- 구성비(%): 70세+",6.1
"2007","중위 추계(기본 추계: 출산율-중위 / 기대수명-중위 / 국제순이동-중위)","- 구성비(%): 75세+",3.3
"2007","중위 추계(기본 추계: 출산율-중위 / 기대수명-중위 / 국제순이동-중위)","- 구성비(%): 80세+",1.5
"2007","중위 추계(기본 추계: 출산율-중위 / 기대수명-중위 / 국제순이동-중위)","- 구성비(%): 85세+",0.6
"2007","중위 추계(기본 추계: 출산율-중위 / 기대수명-중위 / 국제순이동-중위)","- 성비(여자100명당): 65세+",67.5
"2007","중위 추계(기본 추계: 출산율-중위 / 기대수명-중위 / 국제순이동-중위)","- 성비(여자100명당): 65-69세",83.8
"2007","중위 추계(기본 추계: 출산율-중위 / 기대수명-중위 / 국제순이동-중위)","- 성비(여자100명당): 70세+",58.9
"2007","중위 추계(기본 추계: 출산율-중위 / 기대수명-중위 / 국제순이동-중위)","- 성비(여자100명당): 75세+",49
"2007","중위 추계(기본 추계: 출산율-중위 / 기대수명-중위 / 국제순이동-중위)","- 성비(여자100명당): 80세+",42.3
"2007","중위 추계(기본 추계: 출산율-중위 / 기대수명-중위 / 국제순이동-중위)","- 성비(여자100명당): 85세+",34.7
"2007","중위 추계(기본 추계: 출산율-중위 / 기대수명-중위 / 국제순이동-중위)","학령인구(천명): 계(6-21세)",10334
"2007","중위 추계(기본 추계: 출산율-중위 / 기대수명-중위 / 국제순이동-중위)","학령인구(천명): 초등학교(6-11세)",3808
"2007","중위 추계(기본 추계: 출산율-중위 / 기대수명-중위 / 국제순이동-중위)","학령인구(천명): 중학교(12-14세)",2095
"2007","중위 추계(기본 추계: 출산율-중위 / 기대수명-중위 / 국제순이동-중위)","학령인구(천명): 고등학교(15-17세)",1966
"2007","중위 추계(기본 추계: 출산율-중위 / 기대수명-중위 / 국제순이동-중위)","학령인구(천명): 대학교(18-21세)",2465
"2007","중위 추계(기본 추계: 출산율-중위 / 기대수명-중위 / 국제순이동-중위)","청소년인구(천명): 계(9-24세)",10643
"2007","중위 추계(기본 추계: 출산율-중위 / 기대수명-중위 / 국제순이동-중위)","청소년인구(천명): 9-13세",3374
"2007","중위 추계(기본 추계: 출산율-중위 / 기대수명-중위 / 국제순이동-중위)","청소년인구(천명): 14-17세",2671
"2007","중위 추계(기본 추계: 출산율-중위 / 기대수명-중위 / 국제순이동-중위)","청소년인구(천명): 18-19세",1218
"2007","중위 추계(기본 추계: 출산율-중위 / 기대수명-중위 / 국제순이동-중위)","청소년인구(천명): 20-24세",3381
"2007","중위 추계(기본 추계: 출산율-중위 / 기대수명-중위 / 국제순이동-중위)","- 구성비(%): 9-13세",6.9
"2007","중위 추계(기본 추계: 출산율-중위 / 기대수명-중위 / 국제순이동-중위)","- 구성비(%): 14-17세",5.5
"2007","중위 추계(기본 추계: 출산율-중위 / 기대수명-중위 / 국제순이동-중위)","- 구성비(%): 18-19세",2.5
"2007","중위 추계(기본 추계: 출산율-중위 / 기대수명-중위 / 국제순이동-중위)","- 구성비(%): 20-24세",6.9
"2007","중위 추계(기본 추계: 출산율-중위 / 기대수명-중위 / 국제순이동-중위)","청년인구(천명): 19-34세",12085
"2007","중위 추계(기본 추계: 출산율-중위 / 기대수명-중위 / 국제순이동-중위)","- 구성비(%): 19-34세",24.8
"2007","중위 추계(기본 추계: 출산율-중위 / 기대수명-중위 / 국제순이동-중위)","유소년인구(천명): 0-14세",8714
"2007","중위 추계(기본 추계: 출산율-중위 / 기대수명-중위 / 국제순이동-중위)","- 구성비(%): 0-14세",17.9
"2007","중위 추계(기본 추계: 출산율-중위 / 기대수명-중위 / 국제순이동-중위)","영유아인구(천명): 0-5세",2811
"2007","중위 추계(기본 추계: 출산율-중위 / 기대수명-중위 / 국제순이동-중위)","- 구성비(%): 0-5세",5.8
"2008","중위 추계(기본 추계: 출산율-중위 / 기대수명-중위 / 국제순이동-중위)","생산연령인구(천명): 계(15~64세)",35587
"2008","중위 추계(기본 추계: 출산율-중위 / 기대수명-중위 / 국제순이동-중위)","생산연령인구(천명): 15-24세",6509
"2008","중위 추계(기본 추계: 출산율-중위 / 기대수명-중위 / 국제순이동-중위)","생산연령인구(천명): 25-49세",21011
"2008","중위 추계(기본 추계: 출산율-중위 / 기대수명-중위 / 국제순이동-중위)","생산연령인구(천명): 50-64세",8067
"2008","중위 추계(기본 추계: 출산율-중위 / 기대수명-중위 / 국제순이동-중위)","- 구성비(%): 15-24세",13.3
"2008","중위 추계(기본 추계: 출산율-중위 / 기대수명-중위 / 국제순이동-중위)","- 구성비(%): 25-49세",42.8
"2008","중위 추계(기본 추계: 출산율-중위 / 기대수명-중위 / 국제순이동-중위)","- 구성비(%): 50-64세",16.4
"2008","중위 추계(기본 추계: 출산율-중위 / 기대수명-중위 / 국제순이동-중위)","고령인구(천명): 65세+",4989
"2008","중위 추계(기본 추계: 출산율-중위 / 기대수명-중위 / 국제순이동-중위)","고령인구(천명): 65-69세",1866
"2008","중위 추계(기본 추계: 출산율-중위 / 기대수명-중위 / 국제순이동-중위)","고령인구(천명): 70세+",3122
"2008","중위 추계(기본 추계: 출산율-중위 / 기대수명-중위 / 국제순이동-중위)","고령인구(천명): 75세+",1696
"2008","중위 추계(기본 추계: 출산율-중위 / 기대수명-중위 / 국제순이동-중위)","고령인구(천명): 80세+",798
"2008","중위 추계(기본 추계: 출산율-중위 / 기대수명-중위 / 국제순이동-중위)","고령인구(천명): 85세+",305
"2008","중위 추계(기본 추계: 출산율-중위 / 기대수명-중위 / 국제순이동-중위)","- 구성비(%): 65세+",10.2
"2008","중위 추계(기본 추계: 출산율-중위 / 기대수명-중위 / 국제순이동-중위)","- 구성비(%): 65-69세",3.8
"2008","중위 추계(기본 추계: 출산율-중위 / 기대수명-중위 / 국제순이동-중위)","- 구성비(%): 70세+",6.4
"2008","중위 추계(기본 추계: 출산율-중위 / 기대수명-중위 / 국제순이동-중위)","- 구성비(%): 75세+",3.5
"2008","중위 추계(기본 추계: 출산율-중위 / 기대수명-중위 / 국제순이동-중위)","- 구성비(%): 80세+",1.6
"2008","중위 추계(기본 추계: 출산율-중위 / 기대수명-중위 / 국제순이동-중위)","- 구성비(%): 85세+",0.6
"2008","중위 추계(기본 추계: 출산율-중위 / 기대수명-중위 / 국제순이동-중위)","- 성비(여자100명당): 65세+",68.2
"2008","중위 추계(기본 추계: 출산율-중위 / 기대수명-중위 / 국제순이동-중위)","- 성비(여자100명당): 65-69세",84.6
"2008","중위 추계(기본 추계: 출산율-중위 / 기대수명-중위 / 국제순이동-중위)","- 성비(여자100명당): 70세+",59.7
"2008","중위 추계(기본 추계: 출산율-중위 / 기대수명-중위 / 국제순이동-중위)","- 성비(여자100명당): 75세+",49.7
"2008","중위 추계(기본 추계: 출산율-중위 / 기대수명-중위 / 국제순이동-중위)","- 성비(여자100명당): 80세+",42.2
"2008","중위 추계(기본 추계: 출산율-중위 / 기대수명-중위 / 국제순이동-중위)","- 성비(여자100명당): 85세+",34.8
"2008","중위 추계(기본 추계: 출산율-중위 / 기대수명-중위 / 국제순이동-중위)","학령인구(천명): 계(6-21세)",10210
"2008","중위 추계(기본 추계: 출산율-중위 / 기대수명-중위 / 국제순이동-중위)","학령인구(천명): 초등학교(6-11세)",3631
"2008","중위 추계(기본 추계: 출산율-중위 / 기대수명-중위 / 국제순이동-중위)","학령인구(천명): 중학교(12-14세)",2070
"2008","중위 추계(기본 추계: 출산율-중위 / 기대수명-중위 / 국제순이동-중위)","학령인구(천명): 고등학교(15-17세)",2039
"2008","중위 추계(기본 추계: 출산율-중위 / 기대수명-중위 / 국제순이동-중위)","학령인구(천명): 대학교(18-21세)",2471
"2008","중위 추계(기본 추계: 출산율-중위 / 기대수명-중위 / 국제순이동-중위)","청소년인구(천명): 계(9-24세)",10490
"2008","중위 추계(기본 추계: 출산율-중위 / 기대수명-중위 / 국제순이동-중위)","청소년인구(천명): 9-13세",3284
"2008","중위 추계(기본 추계: 출산율-중위 / 기대수명-중위 / 국제순이동-중위)","청소년인구(천명): 14-17세",2736
"2008","중위 추계(기본 추계: 출산율-중위 / 기대수명-중위 / 국제순이동-중위)","청소년인구(천명): 18-19세",1243
"2008","중위 추계(기본 추계: 출산율-중위 / 기대수명-중위 / 국제순이동-중위)","청소년인구(천명): 20-24세",3227
"2008","중위 추계(기본 추계: 출산율-중위 / 기대수명-중위 / 국제순이동-중위)","- 구성비(%): 9-13세",6.7
"2008","중위 추계(기본 추계: 출산율-중위 / 기대수명-중위 / 국제순이동-중위)","- 구성비(%): 14-17세",5.6
"2008","중위 추계(기본 추계: 출산율-중위 / 기대수명-중위 / 국제순이동-중위)","- 구성비(%): 18-19세",2.5
"2008","중위 추계(기본 추계: 출산율-중위 / 기대수명-중위 / 국제순이동-중위)","- 구성비(%): 20-24세",6.6
"2008","중위 추계(기본 추계: 출산율-중위 / 기대수명-중위 / 국제순이동-중위)","청년인구(천명): 19-34세",11853
"2008","중위 추계(기본 추계: 출산율-중위 / 기대수명-중위 / 국제순이동-중위)","- 구성비(%): 19-34세",24.2
"2008","중위 추계(기본 추계: 출산율-중위 / 기대수명-중위 / 국제순이동-중위)","유소년인구(천명): 0-14세",8479
"2008","중위 추계(기본 추계: 출산율-중위 / 기대수명-중위 / 국제순이동-중위)","- 구성비(%): 0-14세",17.3
"2008","중위 추계(기본 추계: 출산율-중위 / 기대수명-중위 / 국제순이동-중위)","영유아인구(천명): 0-5세",2778
"2008","중위 추계(기본 추계: 출산율-중위 / 기대수명-중위 / 국제순이동-중위)","- 구성비(%): 0-5세",5.7
"2009","중위 추계(기본 추계: 출산율-중위 / 기대수명-중위 / 국제순이동-중위)","생산연령인구(천명): 계(15~64세)",35902
"2009","중위 추계(기본 추계: 출산율-중위 / 기대수명-중위 / 국제순이동-중위)","생산연령인구(천명): 15-24세",6522
"2009","중위 추계(기본 추계: 출산율-중위 / 기대수명-중위 / 국제순이동-중위)","생산연령인구(천명): 25-49세",20890
"2009","중위 추계(기본 추계: 출산율-중위 / 기대수명-중위 / 국제순이동-중위)","생산연령인구(천명): 50-64세",8490
"2009","중위 추계(기본 추계: 출산율-중위 / 기대수명-중위 / 국제순이동-중위)","- 구성비(%): 15-24세",13.2
"2009","중위 추계(기본 추계: 출산율-중위 / 기대수명-중위 / 국제순이동-중위)","- 구성비(%): 25-49세",42.4
"2009","중위 추계(기본 추계: 출산율-중위 / 기대수명-중위 / 국제순이동-중위)","- 구성비(%): 50-64세",17.2
"2009","중위 추계(기본 추계: 출산율-중위 / 기대수명-중위 / 국제순이동-중위)","고령인구(천명): 65세+",5177
"2009","중위 추계(기본 추계: 출산율-중위 / 기대수명-중위 / 국제순이동-중위)","고령인구(천명): 65-69세",1870
"2009","중위 추계(기본 추계: 출산율-중위 / 기대수명-중위 / 국제순이동-중위)","고령인구(천명): 70세+",3307
"2009","중위 추계(기본 추계: 출산율-중위 / 기대수명-중위 / 국제순이동-중위)","고령인구(천명): 75세+",1814
"2009","중위 추계(기본 추계: 출산율-중위 / 기대수명-중위 / 국제순이동-중위)","고령인구(천명): 80세+",860
"2009","중위 추계(기본 추계: 출산율-중위 / 기대수명-중위 / 국제순이동-중위)","고령인구(천명): 85세+",332
"2009","중위 추계(기본 추계: 출산율-중위 / 기대수명-중위 / 국제순이동-중위)","- 구성비(%): 65세+",10.5
"2009","중위 추계(기본 추계: 출산율-중위 / 기대수명-중위 / 국제순이동-중위)","- 구성비(%): 65-69세",3.8
"2009","중위 추계(기본 추계: 출산율-중위 / 기대수명-중위 / 국제순이동-중위)","- 구성비(%): 70세+",6.7
"2009","중위 추계(기본 추계: 출산율-중위 / 기대수명-중위 / 국제순이동-중위)","- 구성비(%): 75세+",3.7
"2009","중위 추계(기본 추계: 출산율-중위 / 기대수명-중위 / 국제순이동-중위)","- 구성비(%): 80세+",1.7
"2009","중위 추계(기본 추계: 출산율-중위 / 기대수명-중위 / 국제순이동-중위)","- 구성비(%): 85세+",0.7
"2009","중위 추계(기본 추계: 출산율-중위 / 기대수명-중위 / 국제순이동-중위)","- 성비(여자100명당): 65세+",68.6
"2009","중위 추계(기본 추계: 출산율-중위 / 기대수명-중위 / 국제순이동-중위)","- 성비(여자100명당): 65-69세",85.4
"2009","중위 추계(기본 추계: 출산율-중위 / 기대수명-중위 / 국제순이동-중위)","- 성비(여자100명당): 70세+",60.4
"2009","중위 추계(기본 추계: 출산율-중위 / 기대수명-중위 / 국제순이동-중위)","- 성비(여자100명당): 75세+",50.3
"2009","중위 추계(기본 추계: 출산율-중위 / 기대수명-중위 / 국제순이동-중위)","- 성비(여자100명당): 80세+",41.9
"2009","중위 추계(기본 추계: 출산율-중위 / 기대수명-중위 / 국제순이동-중위)","- 성비(여자100명당): 85세+",35.3
"2009","중위 추계(기본 추계: 출산율-중위 / 기대수명-중위 / 국제순이동-중위)","학령인구(천명): 계(6-21세)",10083
"2009","중위 추계(기본 추계: 출산율-중위 / 기대수명-중위 / 국제순이동-중위)","학령인구(천명): 초등학교(6-11세)",3446
"2009","중위 추계(기본 추계: 출산율-중위 / 기대수명-중위 / 국제순이동-중위)","학령인구(천명): 중학교(12-14세)",2034
"2009","중위 추계(기본 추계: 출산율-중위 / 기대수명-중위 / 국제순이동-중위)","학령인구(천명): 고등학교(15-17세)",2089
"2009","중위 추계(기본 추계: 출산율-중위 / 기대수명-중위 / 국제순이동-중위)","학령인구(천명): 대학교(18-21세)",2514
"2009","중위 추계(기본 추계: 출산율-중위 / 기대수명-중위 / 국제순이동-중위)","청소년인구(천명): 계(9-24세)",10420
"2009","중위 추계(기본 추계: 출산율-중위 / 기대수명-중위 / 국제순이동-중위)","청소년인구(천명): 9-13세",3209
"2009","중위 추계(기본 추계: 출산율-중위 / 기대수명-중위 / 국제순이동-중위)","청소년인구(천명): 14-17세",2778
"2009","중위 추계(기본 추계: 출산율-중위 / 기대수명-중위 / 국제순이동-중위)","청소년인구(천명): 18-19세",1280
"2009","중위 추계(기본 추계: 출산율-중위 / 기대수명-중위 / 국제순이동-중위)","청소년인구(천명): 20-24세",3153
"2009","중위 추계(기본 추계: 출산율-중위 / 기대수명-중위 / 국제순이동-중위)","- 구성비(%): 9-13세",6.5
"2009","중위 추계(기본 추계: 출산율-중위 / 기대수명-중위 / 국제순이동-중위)","- 구성비(%): 14-17세",5.6
"2009","중위 추계(기본 추계: 출산율-중위 / 기대수명-중위 / 국제순이동-중위)","- 구성비(%): 18-19세",2.6
"2009","중위 추계(기본 추계: 출산율-중위 / 기대수명-중위 / 국제순이동-중위)","- 구성비(%): 20-24세",6.4
"2009","중위 추계(기본 추계: 출산율-중위 / 기대수명-중위 / 국제순이동-중위)","청년인구(천명): 19-34세",11643
"2009","중위 추계(기본 추계: 출산율-중위 / 기대수명-중위 / 국제순이동-중위)","- 구성비(%): 19-34세",23.6
"2009","중위 추계(기본 추계: 출산율-중위 / 기대수명-중위 / 국제순이동-중위)","유소년인구(천명): 0-14세",8229
"2009","중위 추계(기본 추계: 출산율-중위 / 기대수명-중위 / 국제순이동-중위)","- 구성비(%): 0-14세",16.7
"2009","중위 추계(기본 추계: 출산율-중위 / 기대수명-중위 / 국제순이동-중위)","영유아인구(천명): 0-5세",2750
"2009","중위 추계(기본 추계: 출산율-중위 / 기대수명-중위 / 국제순이동-중위)","- 구성비(%): 0-5세",5.6
"2010","중위 추계(기본 추계: 출산율-중위 / 기대수명-중위 / 국제순이동-중위)","생산연령인구(천명): 계(15~64세)",36209
"2010","중위 추계(기본 추계: 출산율-중위 / 기대수명-중위 / 국제순이동-중위)","생산연령인구(천명): 15-24세",6568
"2010","중위 추계(기본 추계: 출산율-중위 / 기대수명-중위 / 국제순이동-중위)","생산연령인구(천명): 25-49세",20677
"2010","중위 추계(기본 추계: 출산율-중위 / 기대수명-중위 / 국제순이동-중위)","생산연령인구(천명): 50-64세",8964
"2010","중위 추계(기본 추계: 출산율-중위 / 기대수명-중위 / 국제순이동-중위)","- 구성비(%): 15-24세",13.3
"2010","중위 추계(기본 추계: 출산율-중위 / 기대수명-중위 / 국제순이동-중위)","- 구성비(%): 25-49세",41.7
"2010","중위 추계(기본 추계: 출산율-중위 / 기대수명-중위 / 국제순이동-중위)","- 구성비(%): 50-64세",18.1
"2010","중위 추계(기본 추계: 출산율-중위 / 기대수명-중위 / 국제순이동-중위)","고령인구(천명): 65세+",5366
"2010","중위 추계(기본 추계: 출산율-중위 / 기대수명-중위 / 국제순이동-중위)","고령인구(천명): 65-69세",1878
"2010","중위 추계(기본 추계: 출산율-중위 / 기대수명-중위 / 국제순이동-중위)","고령인구(천명): 70세+",3488
"2010","중위 추계(기본 추계: 출산율-중위 / 기대수명-중위 / 국제순이동-중위)","고령인구(천명): 75세+",1948
"2010","중위 추계(기본 추계: 출산율-중위 / 기대수명-중위 / 국제순이동-중위)","고령인구(천명): 80세+",923
"2010","중위 추계(기본 추계: 출산율-중위 / 기대수명-중위 / 국제순이동-중위)","고령인구(천명): 85세+",357
"2010","중위 추계(기본 추계: 출산율-중위 / 기대수명-중위 / 국제순이동-중위)","- 구성비(%): 65세+",10.8
"2010","중위 추계(기본 추계: 출산율-중위 / 기대수명-중위 / 국제순이동-중위)","- 구성비(%): 65-69세",3.8
"2010","중위 추계(기본 추계: 출산율-중위 / 기대수명-중위 / 국제순이동-중위)","- 구성비(%): 70세+",7
"2010","중위 추계(기본 추계: 출산율-중위 / 기대수명-중위 / 국제순이동-중위)","- 구성비(%): 75세+",3.9
"2010","중위 추계(기본 추계: 출산율-중위 / 기대수명-중위 / 국제순이동-중위)","- 구성비(%): 80세+",1.9
"2010","중위 추계(기본 추계: 출산율-중위 / 기대수명-중위 / 국제순이동-중위)","- 구성비(%): 85세+",0.7
"2010","중위 추계(기본 추계: 출산율-중위 / 기대수명-중위 / 국제순이동-중위)","- 성비(여자100명당): 65세+",69.2
"2010","중위 추계(기본 추계: 출산율-중위 / 기대수명-중위 / 국제순이동-중위)","- 성비(여자100명당): 65-69세",86.5
"2010","중위 추계(기본 추계: 출산율-중위 / 기대수명-중위 / 국제순이동-중위)","- 성비(여자100명당): 70세+",61.1
"2010","중위 추계(기본 추계: 출산율-중위 / 기대수명-중위 / 국제순이동-중위)","- 성비(여자100명당): 75세+",51.1
"2010","중위 추계(기본 추계: 출산율-중위 / 기대수명-중위 / 국제순이동-중위)","- 성비(여자100명당): 80세+",41.8
"2010","중위 추계(기본 추계: 출산율-중위 / 기대수명-중위 / 국제순이동-중위)","- 성비(여자100명당): 85세+",35.6
"2010","중위 추계(기본 추계: 출산율-중위 / 기대수명-중위 / 국제순이동-중위)","학령인구(천명): 계(6-21세)",9950
"2010","중위 추계(기본 추계: 출산율-중위 / 기대수명-중위 / 국제순이동-중위)","학령인구(천명): 초등학교(6-11세)",3280
"2010","중위 추계(기본 추계: 출산율-중위 / 기대수명-중위 / 국제순이동-중위)","학령인구(천명): 중학교(12-14세)",1985
"2010","중위 추계(기본 추계: 출산율-중위 / 기대수명-중위 / 국제순이동-중위)","학령인구(천명): 고등학교(15-17세)",2084
"2010","중위 추계(기본 추계: 출산율-중위 / 기대수명-중위 / 국제순이동-중위)","학령인구(천명): 대학교(18-21세)",2601
"2010","중위 추계(기본 추계: 출산율-중위 / 기대수명-중위 / 국제순이동-중위)","청소년인구(천명): 계(9-24세)",10370
"2010","중위 추계(기본 추계: 출산율-중위 / 기대수명-중위 / 국제순이동-중위)","청소년인구(천명): 9-13세",3119
"2010","중위 추계(기본 추계: 출산율-중위 / 기대수명-중위 / 국제순이동-중위)","청소년인구(천명): 14-17세",2767
"2010","중위 추계(기본 추계: 출산율-중위 / 기대수명-중위 / 국제순이동-중위)","청소년인구(천명): 18-19세",1345
"2010","중위 추계(기본 추계: 출산율-중위 / 기대수명-중위 / 국제순이동-중위)","청소년인구(천명): 20-24세",3139
"2010","중위 추계(기본 추계: 출산율-중위 / 기대수명-중위 / 국제순이동-중위)","- 구성비(%): 9-13세",6.3
"2010","중위 추계(기본 추계: 출산율-중위 / 기대수명-중위 / 국제순이동-중위)","- 구성비(%): 14-17세",5.6
"2010","중위 추계(기본 추계: 출산율-중위 / 기대수명-중위 / 국제순이동-중위)","- 구성비(%): 18-19세",2.7
"2010","중위 추계(기본 추계: 출산율-중위 / 기대수명-중위 / 국제순이동-중위)","- 구성비(%): 20-24세",6.3
"2010","중위 추계(기본 추계: 출산율-중위 / 기대수명-중위 / 국제순이동-중위)","청년인구(천명): 19-34세",11501
"2010","중위 추계(기본 추계: 출산율-중위 / 기대수명-중위 / 국제순이동-중위)","- 구성비(%): 19-34세",23.2
"2010","중위 추계(기본 추계: 출산율-중위 / 기대수명-중위 / 국제순이동-중위)","유소년인구(천명): 0-14세",7979
"2010","중위 추계(기본 추계: 출산율-중위 / 기대수명-중위 / 국제순이동-중위)","- 구성비(%): 0-14세",16.1
"2010","중위 추계(기본 추계: 출산율-중위 / 기대수명-중위 / 국제순이동-중위)","영유아인구(천명): 0-5세",2714
"2010","중위 추계(기본 추계: 출산율-중위 / 기대수명-중위 / 국제순이동-중위)","- 구성비(%): 0-5세",5.5
"2011","중위 추계(기본 추계: 출산율-중위 / 기대수명-중위 / 국제순이동-중위)","생산연령인구(천명): 계(15~64세)",36650
"2011","중위 추계(기본 추계: 출산율-중위 / 기대수명-중위 / 국제순이동-중위)","생산연령인구(천명): 15-24세",6644
"2011","중위 추계(기본 추계: 출산율-중위 / 기대수명-중위 / 국제순이동-중위)","생산연령인구(천명): 25-49세",20474
"2011","중위 추계(기본 추계: 출산율-중위 / 기대수명-중위 / 국제순이동-중위)","생산연령인구(천명): 50-64세",9532
"2011","중위 추계(기본 추계: 출산율-중위 / 기대수명-중위 / 국제순이동-중위)","- 구성비(%): 15-24세",13.3
"2011","중위 추계(기본 추계: 출산율-중위 / 기대수명-중위 / 국제순이동-중위)","- 구성비(%): 25-49세",41
"2011","중위 추계(기본 추계: 출산율-중위 / 기대수명-중위 / 국제순이동-중위)","- 구성비(%): 50-64세",19.1
"2011","중위 추계(기본 추계: 출산율-중위 / 기대수명-중위 / 국제순이동-중위)","고령인구(천명): 65세+",5515
"2011","중위 추계(기본 추계: 출산율-중위 / 기대수명-중위 / 국제순이동-중위)","고령인구(천명): 65-69세",1846
"2011","중위 추계(기본 추계: 출산율-중위 / 기대수명-중위 / 국제순이동-중위)","고령인구(천명): 70세+",3669
"2011","중위 추계(기본 추계: 출산율-중위 / 기대수명-중위 / 국제순이동-중위)","고령인구(천명): 75세+",2082
"2011","중위 추계(기본 추계: 출산율-중위 / 기대수명-중위 / 국제순이동-중위)","고령인구(천명): 80세+",980
"2011","중위 추계(기본 추계: 출산율-중위 / 기대수명-중위 / 국제순이동-중위)","고령인구(천명): 85세+",381
"2011","중위 추계(기본 추계: 출산율-중위 / 기대수명-중위 / 국제순이동-중위)","- 구성비(%): 65세+",11
"2011","중위 추계(기본 추계: 출산율-중위 / 기대수명-중위 / 국제순이동-중위)","- 구성비(%): 65-69세",3.7
"2011","중위 추계(기본 추계: 출산율-중위 / 기대수명-중위 / 국제순이동-중위)","- 구성비(%): 70세+",7.3
"2011","중위 추계(기본 추계: 출산율-중위 / 기대수명-중위 / 국제순이동-중위)","- 구성비(%): 75세+",4.2
"2011","중위 추계(기본 추계: 출산율-중위 / 기대수명-중위 / 국제순이동-중위)","- 구성비(%): 80세+",2
"2011","중위 추계(기본 추계: 출산율-중위 / 기대수명-중위 / 국제순이동-중위)","- 구성비(%): 85세+",0.8
"2011","중위 추계(기본 추계: 출산율-중위 / 기대수명-중위 / 국제순이동-중위)","- 성비(여자100명당): 65세+",69.7
"2011","중위 추계(기본 추계: 출산율-중위 / 기대수명-중위 / 국제순이동-중위)","- 성비(여자100명당): 65-69세",87.9
"2011","중위 추계(기본 추계: 출산율-중위 / 기대수명-중위 / 국제순이동-중위)","- 성비(여자100명당): 70세+",61.7
"2011","중위 추계(기본 추계: 출산율-중위 / 기대수명-중위 / 국제순이동-중위)","- 성비(여자100명당): 75세+",51.8
"2011","중위 추계(기본 추계: 출산율-중위 / 기대수명-중위 / 국제순이동-중위)","- 성비(여자100명당): 80세+",41.7
"2011","중위 추계(기본 추계: 출산율-중위 / 기대수명-중위 / 국제순이동-중위)","- 성비(여자100명당): 85세+",35.4
"2011","중위 추계(기본 추계: 출산율-중위 / 기대수명-중위 / 국제순이동-중위)","학령인구(천명): 계(6-21세)",9785
"2011","중위 추계(기본 추계: 출산율-중위 / 기대수명-중위 / 국제순이동-중위)","학령인구(천명): 초등학교(6-11세)",3109
"2011","중위 추계(기본 추계: 출산율-중위 / 기대수명-중위 / 국제순이동-중위)","학령인구(천명): 중학교(12-14세)",1914
"2011","중위 추계(기본 추계: 출산율-중위 / 기대수명-중위 / 국제순이동-중위)","학령인구(천명): 고등학교(15-17세)",2062
"2011","중위 추계(기본 추계: 출산율-중위 / 기대수명-중위 / 국제순이동-중위)","학령인구(천명): 대학교(18-21세)",2700
"2011","중위 추계(기본 추계: 출산율-중위 / 기대수명-중위 / 국제순이동-중위)","청소년인구(천명): 계(9-24세)",10275
"2011","중위 추계(기본 추계: 출산율-중위 / 기대수명-중위 / 국제순이동-중위)","청소년인구(천명): 9-13세",2969
"2011","중위 추계(기본 추계: 출산율-중위 / 기대수명-중위 / 국제순이동-중위)","청소년인구(천명): 14-17세",2724
"2011","중위 추계(기본 추계: 출산율-중위 / 기대수명-중위 / 국제순이동-중위)","청소년인구(천명): 18-19세",1406
"2011","중위 추계(기본 추계: 출산율-중위 / 기대수명-중위 / 국제순이동-중위)","청소년인구(천명): 20-24세",3176
"2011","중위 추계(기본 추계: 출산율-중위 / 기대수명-중위 / 국제순이동-중위)","- 구성비(%): 9-13세",5.9
"2011","중위 추계(기본 추계: 출산율-중위 / 기대수명-중위 / 국제순이동-중위)","- 구성비(%): 14-17세",5.5
"2011","중위 추계(기본 추계: 출산율-중위 / 기대수명-중위 / 국제순이동-중위)","- 구성비(%): 18-19세",2.8
"2011","중위 추계(기본 추계: 출산율-중위 / 기대수명-중위 / 국제순이동-중위)","- 구성비(%): 20-24세",6.4
"2011","중위 추계(기본 추계: 출산율-중위 / 기대수명-중위 / 국제순이동-중위)","청년인구(천명): 19-34세",11508
"2011","중위 추계(기본 추계: 출산율-중위 / 기대수명-중위 / 국제순이동-중위)","- 구성비(%): 19-34세",23
"2011","중위 추계(기본 추계: 출산율-중위 / 기대수명-중위 / 국제순이동-중위)","유소년인구(천명): 0-14세",7771
"2011","중위 추계(기본 추계: 출산율-중위 / 기대수명-중위 / 국제순이동-중위)","- 구성비(%): 0-14세",15.6
"2011","중위 추계(기본 추계: 출산율-중위 / 기대수명-중위 / 국제순이동-중위)","영유아인구(천명): 0-5세",2749
"2011","중위 추계(기본 추계: 출산율-중위 / 기대수명-중위 / 국제순이동-중위)","- 구성비(%): 0-5세",5.5
"2012","중위 추계(기본 추계: 출산율-중위 / 기대수명-중위 / 국제순이동-중위)","생산연령인구(천명): 계(15~64세)",36856
"2012","중위 추계(기본 추계: 출산율-중위 / 기대수명-중위 / 국제순이동-중위)","생산연령인구(천명): 15-24세",6705
"2012","중위 추계(기본 추계: 출산율-중위 / 기대수명-중위 / 국제순이동-중위)","생산연령인구(천명): 25-49세",20269
"2012","중위 추계(기본 추계: 출산율-중위 / 기대수명-중위 / 국제순이동-중위)","생산연령인구(천명): 50-64세",9883
"2012","중위 추계(기본 추계: 출산율-중위 / 기대수명-중위 / 국제순이동-중위)","- 구성비(%): 15-24세",13.4
"2012","중위 추계(기본 추계: 출산율-중위 / 기대수명-중위 / 국제순이동-중위)","- 구성비(%): 25-49세",40.4
"2012","중위 추계(기본 추계: 출산율-중위 / 기대수명-중위 / 국제순이동-중위)","- 구성비(%): 50-64세",19.7
"2012","중위 추계(기본 추계: 출산율-중위 / 기대수명-중위 / 국제순이동-중위)","고령인구(천명): 65세+",5767
"2012","중위 추계(기본 추계: 출산율-중위 / 기대수명-중위 / 국제순이동-중위)","고령인구(천명): 65-69세",1875
"2012","중위 추계(기본 추계: 출산율-중위 / 기대수명-중위 / 국제순이동-중위)","고령인구(천명): 70세+",3892
"2012","중위 추계(기본 추계: 출산율-중위 / 기대수명-중위 / 국제순이동-중위)","고령인구(천명): 75세+",2218
"2012","중위 추계(기본 추계: 출산율-중위 / 기대수명-중위 / 국제순이동-중위)","고령인구(천명): 80세+",1051
"2012","중위 추계(기본 추계: 출산율-중위 / 기대수명-중위 / 국제순이동-중위)","고령인구(천명): 85세+",407
"2012","중위 추계(기본 추계: 출산율-중위 / 기대수명-중위 / 국제순이동-중위)","- 구성비(%): 65세+",11.5
"2012","중위 추계(기본 추계: 출산율-중위 / 기대수명-중위 / 국제순이동-중위)","- 구성비(%): 65-69세",3.7
"2012","중위 추계(기본 추계: 출산율-중위 / 기대수명-중위 / 국제순이동-중위)","- 구성비(%): 70세+",7.8
"2012","중위 추계(기본 추계: 출산율-중위 / 기대수명-중위 / 국제순이동-중위)","- 구성비(%): 75세+",4.4
"2012","중위 추계(기본 추계: 출산율-중위 / 기대수명-중위 / 국제순이동-중위)","- 구성비(%): 80세+",2.1
"2012","중위 추계(기본 추계: 출산율-중위 / 기대수명-중위 / 국제순이동-중위)","- 구성비(%): 85세+",0.8
"2012","중위 추계(기본 추계: 출산율-중위 / 기대수명-중위 / 국제순이동-중위)","- 성비(여자100명당): 65세+",70.4
"2012","중위 추계(기본 추계: 출산율-중위 / 기대수명-중위 / 국제순이동-중위)","- 성비(여자100명당): 65-69세",89.1
"2012","중위 추계(기본 추계: 출산율-중위 / 기대수명-중위 / 국제순이동-중위)","- 성비(여자100명당): 70세+",62.6
"2012","중위 추계(기본 추계: 출산율-중위 / 기대수명-중위 / 국제순이동-중위)","- 성비(여자100명당): 75세+",52.7
"2012","중위 추계(기본 추계: 출산율-중위 / 기대수명-중위 / 국제순이동-중위)","- 성비(여자100명당): 80세+",41.9
"2012","중위 추계(기본 추계: 출산율-중위 / 기대수명-중위 / 국제순이동-중위)","- 성비(여자100명당): 85세+",35
"2012","중위 추계(기본 추계: 출산율-중위 / 기대수명-중위 / 국제순이동-중위)","학령인구(천명): 계(6-21세)",9590
"2012","중위 추계(기본 추계: 출산율-중위 / 기대수명-중위 / 국제순이동-중위)","학령인구(천명): 초등학교(6-11세)",2926
"2012","중위 추계(기본 추계: 출산율-중위 / 기대수명-중위 / 국제순이동-중위)","학령인구(천명): 중학교(12-14세)",1867
"2012","중위 추계(기본 추계: 출산율-중위 / 기대수명-중위 / 국제순이동-중위)","학령인구(천명): 고등학교(15-17세)",2028
"2012","중위 추계(기본 추계: 출산율-중위 / 기대수명-중위 / 국제순이동-중위)","학령인구(천명): 대학교(18-21세)",2769
"2012","중위 추계(기본 추계: 출산율-중위 / 기대수명-중위 / 국제순이동-중위)","청소년인구(천명): 계(9-24세)",10149
"2012","중위 추계(기본 추계: 출산율-중위 / 기대수명-중위 / 국제순이동-중위)","청소년인구(천명): 9-13세",2803
"2012","중위 추계(기본 추계: 출산율-중위 / 기대수명-중위 / 국제순이동-중위)","청소년인구(천명): 14-17세",2670
"2012","중위 추계(기본 추계: 출산율-중위 / 기대수명-중위 / 국제순이동-중위)","청소년인구(천명): 18-19세",1407
"2012","중위 추계(기본 추계: 출산율-중위 / 기대수명-중위 / 국제순이동-중위)","청소년인구(천명): 20-24세",3269
"2012","중위 추계(기본 추계: 출산율-중위 / 기대수명-중위 / 국제순이동-중위)","- 구성비(%): 9-13세",5.6
"2012","중위 추계(기본 추계: 출산율-중위 / 기대수명-중위 / 국제순이동-중위)","- 구성비(%): 14-17세",5.3
"2012","중위 추계(기본 추계: 출산율-중위 / 기대수명-중위 / 국제순이동-중위)","- 구성비(%): 18-19세",2.8
"2012","중위 추계(기본 추계: 출산율-중위 / 기대수명-중위 / 국제순이동-중위)","- 구성비(%): 20-24세",6.5
"2012","중위 추계(기본 추계: 출산율-중위 / 기대수명-중위 / 국제순이동-중위)","청년인구(천명): 19-34세",11503
"2012","중위 추계(기본 추계: 출산율-중위 / 기대수명-중위 / 국제순이동-중위)","- 구성비(%): 19-34세",22.9
"2012","중위 추계(기본 추계: 출산율-중위 / 기대수명-중위 / 국제순이동-중위)","유소년인구(천명): 0-14세",7577
"2012","중위 추계(기본 추계: 출산율-중위 / 기대수명-중위 / 국제순이동-중위)","- 구성비(%): 0-14세",15.1
"2012","중위 추계(기본 추계: 출산율-중위 / 기대수명-중위 / 국제순이동-중위)","영유아인구(천명): 0-5세",2784
"2012","중위 추계(기본 추계: 출산율-중위 / 기대수명-중위 / 국제순이동-중위)","- 구성비(%): 0-5세",5.5
"2013","중위 추계(기본 추계: 출산율-중위 / 기대수명-중위 / 국제순이동-중위)","생산연령인구(천명): 계(15~64세)",37014
"2013","중위 추계(기본 추계: 출산율-중위 / 기대수명-중위 / 국제순이동-중위)","생산연령인구(천명): 15-24세",6744
"2013","중위 추계(기본 추계: 출산율-중위 / 기대수명-중위 / 국제순이동-중위)","생산연령인구(천명): 25-49세",20005
"2013","중위 추계(기본 추계: 출산율-중위 / 기대수명-중위 / 국제순이동-중위)","생산연령인구(천명): 50-64세",10266
"2013","중위 추계(기본 추계: 출산율-중위 / 기대수명-중위 / 국제순이동-중위)","- 구성비(%): 15-24세",13.4
"2013","중위 추계(기본 추계: 출산율-중위 / 기대수명-중위 / 국제순이동-중위)","- 구성비(%): 25-49세",39.7
"2013","중위 추계(기본 추계: 출산율-중위 / 기대수명-중위 / 국제순이동-중위)","- 구성비(%): 50-64세",20.4
"2013","중위 추계(기본 추계: 출산율-중위 / 기대수명-중위 / 국제순이동-중위)","고령인구(천명): 65세+",6023
"2013","중위 추계(기본 추계: 출산율-중위 / 기대수명-중위 / 국제순이동-중위)","고령인구(천명): 65-69세",1915
"2013","중위 추계(기본 추계: 출산율-중위 / 기대수명-중위 / 국제순이동-중위)","고령인구(천명): 70세+",4108
"2013","중위 추계(기본 추계: 출산율-중위 / 기대수명-중위 / 국제순이동-중위)","고령인구(천명): 75세+",2354
"2013","중위 추계(기본 추계: 출산율-중위 / 기대수명-중위 / 국제순이동-중위)","고령인구(천명): 80세+",1125
"2013","중위 추계(기본 추계: 출산율-중위 / 기대수명-중위 / 국제순이동-중위)","고령인구(천명): 85세+",438
"2013","중위 추계(기본 추계: 출산율-중위 / 기대수명-중위 / 국제순이동-중위)","- 구성비(%): 65세+",11.9
"2013","중위 추계(기본 추계: 출산율-중위 / 기대수명-중위 / 국제순이동-중위)","- 구성비(%): 65-69세",3.8
"2013","중위 추계(기본 추계: 출산율-중위 / 기대수명-중위 / 국제순이동-중위)","- 구성비(%): 70세+",8.1
"2013","중위 추계(기본 추계: 출산율-중위 / 기대수명-중위 / 국제순이동-중위)","- 구성비(%): 75세+",4.7
"2013","중위 추계(기본 추계: 출산율-중위 / 기대수명-중위 / 국제순이동-중위)","- 구성비(%): 80세+",2.2
"2013","중위 추계(기본 추계: 출산율-중위 / 기대수명-중위 / 국제순이동-중위)","- 구성비(%): 85세+",0.9
"2013","중위 추계(기본 추계: 출산율-중위 / 기대수명-중위 / 국제순이동-중위)","- 성비(여자100명당): 65세+",71.1
"2013","중위 추계(기본 추계: 출산율-중위 / 기대수명-중위 / 국제순이동-중위)","- 성비(여자100명당): 65-69세",90.2
"2013","중위 추계(기본 추계: 출산율-중위 / 기대수명-중위 / 국제순이동-중위)","- 성비(여자100명당): 70세+",63.5
"2013","중위 추계(기본 추계: 출산율-중위 / 기대수명-중위 / 국제순이동-중위)","- 성비(여자100명당): 75세+",53.5
"2013","중위 추계(기본 추계: 출산율-중위 / 기대수명-중위 / 국제순이동-중위)","- 성비(여자100명당): 80세+",42.4
"2013","중위 추계(기본 추계: 출산율-중위 / 기대수명-중위 / 국제순이동-중위)","- 성비(여자100명당): 85세+",34.7
"2013","중위 추계(기본 추계: 출산율-중위 / 기대수명-중위 / 국제순이동-중위)","학령인구(천명): 계(6-21세)",9397
"2013","중위 추계(기본 추계: 출산율-중위 / 기대수명-중위 / 국제순이동-중위)","학령인구(천명): 초등학교(6-11세)",2783
"2013","중위 추계(기본 추계: 출산율-중위 / 기대수명-중위 / 국제순이동-중위)","학령인구(천명): 중학교(12-14세)",1818
"2013","중위 추계(기본 추계: 출산율-중위 / 기대수명-중위 / 국제순이동-중위)","학령인구(천명): 고등학교(15-17세)",1985
"2013","중위 추계(기본 추계: 출산율-중위 / 기대수명-중위 / 국제순이동-중위)","학령인구(천명): 대학교(18-21세)",2811
"2013","중위 추계(기본 추계: 출산율-중위 / 기대수명-중위 / 국제순이동-중위)","청소년인구(천명): 계(9-24세)",10020
"2013","중위 추계(기본 추계: 출산율-중위 / 기대수명-중위 / 국제순이동-중위)","청소년인구(천명): 9-13세",2666
"2013","중위 추계(기본 추계: 출산율-중위 / 기대수명-중위 / 국제순이동-중위)","청소년인구(천명): 14-17세",2595
"2013","중위 추계(기본 추계: 출산율-중위 / 기대수명-중위 / 국제순이동-중위)","청소년인구(천명): 18-19세",1388
"2013","중위 추계(기본 추계: 출산율-중위 / 기대수명-중위 / 국제순이동-중위)","청소년인구(천명): 20-24세",3371
"2013","중위 추계(기본 추계: 출산율-중위 / 기대수명-중위 / 국제순이동-중위)","- 구성비(%): 9-13세",5.3
"2013","중위 추계(기본 추계: 출산율-중위 / 기대수명-중위 / 국제순이동-중위)","- 구성비(%): 14-17세",5.1
"2013","중위 추계(기본 추계: 출산율-중위 / 기대수명-중위 / 국제순이동-중위)","- 구성비(%): 18-19세",2.8
"2013","중위 추계(기본 추계: 출산율-중위 / 기대수명-중위 / 국제순이동-중위)","- 구성비(%): 20-24세",6.7
"2013","중위 추계(기본 추계: 출산율-중위 / 기대수명-중위 / 국제순이동-중위)","청년인구(천명): 19-34세",11473
"2013","중위 추계(기본 추계: 출산율-중위 / 기대수명-중위 / 국제순이동-중위)","- 구성비(%): 19-34세",22.8
"2013","중위 추계(기본 추계: 출산율-중위 / 기대수명-중위 / 국제순이동-중위)","유소년인구(천명): 0-14세",7392
"2013","중위 추계(기본 추계: 출산율-중위 / 기대수명-중위 / 국제순이동-중위)","- 구성비(%): 0-14세",14.7
"2013","중위 추계(기본 추계: 출산율-중위 / 기대수명-중위 / 국제순이동-중위)","영유아인구(천명): 0-5세",2791
"2013","중위 추계(기본 추계: 출산율-중위 / 기대수명-중위 / 국제순이동-중위)","- 구성비(%): 0-5세",5.5
"2014","중위 추계(기본 추계: 출산율-중위 / 기대수명-중위 / 국제순이동-중위)","생산연령인구(천명): 계(15~64세)",37256
"2014","중위 추계(기본 추계: 출산율-중위 / 기대수명-중위 / 국제순이동-중위)","생산연령인구(천명): 15-24세",6747
"2014","중위 추계(기본 추계: 출산율-중위 / 기대수명-중위 / 국제순이동-중위)","생산연령인구(천명): 25-49세",19934
"2014","중위 추계(기본 추계: 출산율-중위 / 기대수명-중위 / 국제순이동-중위)","생산연령인구(천명): 50-64세",10575
"2014","중위 추계(기본 추계: 출산율-중위 / 기대수명-중위 / 국제순이동-중위)","- 구성비(%): 15-24세",13.3
"2014","중위 추계(기본 추계: 출산율-중위 / 기대수명-중위 / 국제순이동-중위)","- 구성비(%): 25-49세",39.3
"2014","중위 추계(기본 추계: 출산율-중위 / 기대수명-중위 / 국제순이동-중위)","- 구성비(%): 50-64세",20.8
"2014","중위 추계(기본 추계: 출산율-중위 / 기대수명-중위 / 국제순이동-중위)","고령인구(천명): 65세+",6277
"2014","중위 추계(기본 추계: 출산율-중위 / 기대수명-중위 / 국제순이동-중위)","고령인구(천명): 65-69세",2006
"2014","중위 추계(기본 추계: 출산율-중위 / 기대수명-중위 / 국제순이동-중위)","고령인구(천명): 70세+",4271
"2014","중위 추계(기본 추계: 출산율-중위 / 기대수명-중위 / 국제순이동-중위)","고령인구(천명): 75세+",2508
"2014","중위 추계(기본 추계: 출산율-중위 / 기대수명-중위 / 국제순이동-중위)","고령인구(천명): 80세+",1209
"2014","중위 추계(기본 추계: 출산율-중위 / 기대수명-중위 / 국제순이동-중위)","고령인구(천명): 85세+",476
"2014","중위 추계(기본 추계: 출산율-중위 / 기대수명-중위 / 국제순이동-중위)","- 구성비(%): 65세+",12.4
"2014","중위 추계(기본 추계: 출산율-중위 / 기대수명-중위 / 국제순이동-중위)","- 구성비(%): 65-69세",4
"2014","중위 추계(기본 추계: 출산율-중위 / 기대수명-중위 / 국제순이동-중위)","- 구성비(%): 70세+",8.4
"2014","중위 추계(기본 추계: 출산율-중위 / 기대수명-중위 / 국제순이동-중위)","- 구성비(%): 75세+",4.9
"2014","중위 추계(기본 추계: 출산율-중위 / 기대수명-중위 / 국제순이동-중위)","- 구성비(%): 80세+",2.4
"2014","중위 추계(기본 추계: 출산율-중위 / 기대수명-중위 / 국제순이동-중위)","- 구성비(%): 85세+",0.9
"2014","중위 추계(기본 추계: 출산율-중위 / 기대수명-중위 / 국제순이동-중위)","- 성비(여자100명당): 65세+",71.8
"2014","중위 추계(기본 추계: 출산율-중위 / 기대수명-중위 / 국제순이동-중위)","- 성비(여자100명당): 65-69세",91.5
"2014","중위 추계(기본 추계: 출산율-중위 / 기대수명-중위 / 국제순이동-중위)","- 성비(여자100명당): 70세+",63.9
"2014","중위 추계(기본 추계: 출산율-중위 / 기대수명-중위 / 국제순이동-중위)","- 성비(여자100명당): 75세+",54.3
"2014","중위 추계(기본 추계: 출산율-중위 / 기대수명-중위 / 국제순이동-중위)","- 성비(여자100명당): 80세+",43
"2014","중위 추계(기본 추계: 출산율-중위 / 기대수명-중위 / 국제순이동-중위)","- 성비(여자100명당): 85세+",34.6
"2014","중위 추계(기본 추계: 출산율-중위 / 기대수명-중위 / 국제순이동-중위)","학령인구(천명): 계(6-21세)",9181
"2014","중위 추계(기본 추계: 출산율-중위 / 기대수명-중위 / 국제순이동-중위)","학령인구(천명): 초등학교(6-11세)",2751
"2014","중위 추계(기본 추계: 출산율-중위 / 기대수명-중위 / 국제순이동-중위)","학령인구(천명): 중학교(12-14세)",1719
"2014","중위 추계(기본 추계: 출산율-중위 / 기대수명-중위 / 국제순이동-중위)","학령인구(천명): 고등학교(15-17세)",1912
"2014","중위 추계(기본 추계: 출산율-중위 / 기대수명-중위 / 국제순이동-중위)","학령인구(천명): 대학교(18-21세)",2799
"2014","중위 추계(기본 추계: 출산율-중위 / 기대수명-중위 / 국제순이동-중위)","청소년인구(천명): 계(9-24세)",9853
"2014","중위 추계(기본 추계: 출산율-중위 / 기대수명-중위 / 국제순이동-중위)","청소년인구(천명): 9-13세",2490
"2014","중위 추계(기본 추계: 출산율-중위 / 기대수명-중위 / 국제순이동-중위)","청소년인구(천명): 14-17세",2528
"2014","중위 추계(기본 추계: 출산율-중위 / 기대수명-중위 / 국제순이동-중위)","청소년인구(천명): 18-19세",1378
"2014","중위 추계(기본 추계: 출산율-중위 / 기대수명-중위 / 국제순이동-중위)","청소년인구(천명): 20-24세",3457
"2014","중위 추계(기본 추계: 출산율-중위 / 기대수명-중위 / 국제순이동-중위)","- 구성비(%): 9-13세",4.9
"2014","중위 추계(기본 추계: 출산율-중위 / 기대수명-중위 / 국제순이동-중위)","- 구성비(%): 14-17세",5
"2014","중위 추계(기본 추계: 출산율-중위 / 기대수명-중위 / 국제순이동-중위)","- 구성비(%): 18-19세",2.7
"2014","중위 추계(기본 추계: 출산율-중위 / 기대수명-중위 / 국제순이동-중위)","- 구성비(%): 20-24세",6.8
"2014","중위 추계(기본 추계: 출산율-중위 / 기대수명-중위 / 국제순이동-중위)","청년인구(천명): 19-34세",11453
"2014","중위 추계(기본 추계: 출산율-중위 / 기대수명-중위 / 국제순이동-중위)","- 구성비(%): 19-34세",22.6
"2014","중위 추계(기본 추계: 출산율-중위 / 기대수명-중위 / 국제순이동-중위)","유소년인구(천명): 0-14세",7214
"2014","중위 추계(기본 추계: 출산율-중위 / 기대수명-중위 / 국제순이동-중위)","- 구성비(%): 0-14세",14.2
"2014","중위 추계(기본 추계: 출산율-중위 / 기대수명-중위 / 국제순이동-중위)","영유아인구(천명): 0-5세",2744
"2014","중위 추계(기본 추계: 출산율-중위 / 기대수명-중위 / 국제순이동-중위)","- 구성비(%): 0-5세",5.4
"2015","중위 추계(기본 추계: 출산율-중위 / 기대수명-중위 / 국제순이동-중위)","생산연령인구(천명): 계(15~64세)",37444
"2015","중위 추계(기본 추계: 출산율-중위 / 기대수명-중위 / 국제순이동-중위)","생산연령인구(천명): 15-24세",6734
"2015","중위 추계(기본 추계: 출산율-중위 / 기대수명-중위 / 국제순이동-중위)","생산연령인구(천명): 25-49세",19786
"2015","중위 추계(기본 추계: 출산율-중위 / 기대수명-중위 / 국제순이동-중위)","생산연령인구(천명): 50-64세",10924
"2015","중위 추계(기본 추계: 출산율-중위 / 기대수명-중위 / 국제순이동-중위)","- 구성비(%): 15-24세",13.2
"2015","중위 추계(기본 추계: 출산율-중위 / 기대수명-중위 / 국제순이동-중위)","- 구성비(%): 25-49세",38.8
"2015","중위 추계(기본 추계: 출산율-중위 / 기대수명-중위 / 국제순이동-중위)","- 구성비(%): 50-64세",21.4
"2015","중위 추계(기본 추계: 출산율-중위 / 기대수명-중위 / 국제순이동-중위)","고령인구(천명): 65세+",6541
"2015","중위 추계(기본 추계: 출산율-중위 / 기대수명-중위 / 국제순이동-중위)","고령인구(천명): 65-69세",2106
"2015","중위 추계(기본 추계: 출산율-중위 / 기대수명-중위 / 국제순이동-중위)","고령인구(천명): 70세+",4436
"2015","중위 추계(기본 추계: 출산율-중위 / 기대수명-중위 / 국제순이동-중위)","고령인구(천명): 75세+",2656
"2015","중위 추계(기본 추계: 출산율-중위 / 기대수명-중위 / 국제순이동-중위)","고령인구(천명): 80세+",1305
"2015","중위 추계(기본 추계: 출산율-중위 / 기대수명-중위 / 국제순이동-중위)","고령인구(천명): 85세+",512
"2015","중위 추계(기본 추계: 출산율-중위 / 기대수명-중위 / 국제순이동-중위)","- 구성비(%): 65세+",12.8
"2015","중위 추계(기본 추계: 출산율-중위 / 기대수명-중위 / 국제순이동-중위)","- 구성비(%): 65-69세",4.1
"2015","중위 추계(기본 추계: 출산율-중위 / 기대수명-중위 / 국제순이동-중위)","- 구성비(%): 70세+",8.7
"2015","중위 추계(기본 추계: 출산율-중위 / 기대수명-중위 / 국제순이동-중위)","- 구성비(%): 75세+",5.2
"2015","중위 추계(기본 추계: 출산율-중위 / 기대수명-중위 / 국제순이동-중위)","- 구성비(%): 80세+",2.6
"2015","중위 추계(기본 추계: 출산율-중위 / 기대수명-중위 / 국제순이동-중위)","- 구성비(%): 85세+",1
"2015","중위 추계(기본 추계: 출산율-중위 / 기대수명-중위 / 국제순이동-중위)","- 성비(여자100명당): 65세+",72.5
"2015","중위 추계(기본 추계: 출산율-중위 / 기대수명-중위 / 국제순이동-중위)","- 성비(여자100명당): 65-69세",92.1
"2015","중위 추계(기본 추계: 출산율-중위 / 기대수명-중위 / 국제순이동-중위)","- 성비(여자100명당): 70세+",64.5
"2015","중위 추계(기본 추계: 출산율-중위 / 기대수명-중위 / 국제순이동-중위)","- 성비(여자100명당): 75세+",55
"2015","중위 추계(기본 추계: 출산율-중위 / 기대수명-중위 / 국제순이동-중위)","- 성비(여자100명당): 80세+",43.6
"2015","중위 추계(기본 추계: 출산율-중위 / 기대수명-중위 / 국제순이동-중위)","- 성비(여자100명당): 85세+",33.9
"2015","중위 추계(기본 추계: 출산율-중위 / 기대수명-중위 / 국제순이동-중위)","학령인구(천명): 계(6-21세)",8920
"2015","중위 추계(기본 추계: 출산율-중위 / 기대수명-중위 / 국제순이동-중위)","학령인구(천명): 초등학교(6-11세)",2720
"2015","중위 추계(기본 추계: 출산율-중위 / 기대수명-중위 / 국제순이동-중위)","학령인구(천명): 중학교(12-14세)",1578
"2015","중위 추계(기본 추계: 출산율-중위 / 기대수명-중위 / 국제순이동-중위)","학령인구(천명): 고등학교(15-17세)",1868
"2015","중위 추계(기본 추계: 출산율-중위 / 기대수명-중위 / 국제순이동-중위)","학령인구(천명): 대학교(18-21세)",2755
"2015","중위 추계(기본 추계: 출산율-중위 / 기대수명-중위 / 국제순이동-중위)","청소년인구(천명): 계(9-24세)",9654
"2015","중위 추계(기본 추계: 출산율-중위 / 기대수명-중위 / 국제순이동-중위)","청소년인구(천명): 9-13세",2327
"2015","중위 추계(기본 추계: 출산율-중위 / 기대수명-중위 / 국제순이동-중위)","청소년인구(천명): 14-17세",2460
"2015","중위 추계(기본 추계: 출산율-중위 / 기대수명-중위 / 국제순이동-중위)","청소년인구(천명): 18-19세",1355
"2015","중위 추계(기본 추계: 출산율-중위 / 기대수명-중위 / 국제순이동-중위)","청소년인구(천명): 20-24세",3512
"2015","중위 추계(기본 추계: 출산율-중위 / 기대수명-중위 / 국제순이동-중위)","- 구성비(%): 9-13세",4.6
"2015","중위 추계(기본 추계: 출산율-중위 / 기대수명-중위 / 국제순이동-중위)","- 구성비(%): 14-17세",4.8
"2015","중위 추계(기본 추계: 출산율-중위 / 기대수명-중위 / 국제순이동-중위)","- 구성비(%): 18-19세",2.7
"2015","중위 추계(기본 추계: 출산율-중위 / 기대수명-중위 / 국제순이동-중위)","- 구성비(%): 20-24세",6.9
"2015","중위 추계(기본 추계: 출산율-중위 / 기대수명-중위 / 국제순이동-중위)","청년인구(천명): 19-34세",11344
"2015","중위 추계(기본 추계: 출산율-중위 / 기대수명-중위 / 국제순이동-중위)","- 구성비(%): 19-34세",22.2
"2015","중위 추계(기본 추계: 출산율-중위 / 기대수명-중위 / 국제순이동-중위)","유소년인구(천명): 0-14세",7030
"2015","중위 추계(기본 추계: 출산율-중위 / 기대수명-중위 / 국제순이동-중위)","- 구성비(%): 0-14세",13.8
"2015","중위 추계(기본 추계: 출산율-중위 / 기대수명-중위 / 국제순이동-중위)","영유아인구(천명): 0-5세",2732
"2015","중위 추계(기본 추계: 출산율-중위 / 기대수명-중위 / 국제순이동-중위)","- 구성비(%): 0-5세",5.4
"2016","중위 추계(기본 추계: 출산율-중위 / 기대수명-중위 / 국제순이동-중위)","생산연령인구(천명): 계(15~64세)",37596
"2016","중위 추계(기본 추계: 출산율-중위 / 기대수명-중위 / 국제순이동-중위)","생산연령인구(천명): 15-24세",6692
"2016","중위 추계(기본 추계: 출산율-중위 / 기대수명-중위 / 국제순이동-중위)","생산연령인구(천명): 25-49세",19605
"2016","중위 추계(기본 추계: 출산율-중위 / 기대수명-중위 / 국제순이동-중위)","생산연령인구(천명): 50-64세",11300
"2016","중위 추계(기본 추계: 출산율-중위 / 기대수명-중위 / 국제순이동-중위)","- 구성비(%): 15-24세",13.1
"2016","중위 추계(기본 추계: 출산율-중위 / 기대수명-중위 / 국제순이동-중위)","- 구성비(%): 25-49세",38.3
"2016","중위 추계(기본 추계: 출산율-중위 / 기대수명-중위 / 국제순이동-중위)","- 구성비(%): 50-64세",22.1
"2016","중위 추계(기본 추계: 출산율-중위 / 기대수명-중위 / 국제순이동-중위)","고령인구(천명): 65세+",6757
"2016","중위 추계(기본 추계: 출산율-중위 / 기대수명-중위 / 국제순이동-중위)","고령인구(천명): 65-69세",2210
"2016","중위 추계(기본 추계: 출산율-중위 / 기대수명-중위 / 국제순이동-중위)","고령인구(천명): 70세+",4547
"2016","중위 추계(기본 추계: 출산율-중위 / 기대수명-중위 / 국제순이동-중위)","고령인구(천명): 75세+",2818
"2016","중위 추계(기본 추계: 출산율-중위 / 기대수명-중위 / 국제순이동-중위)","고령인구(천명): 80세+",1418
"2016","중위 추계(기본 추계: 출산율-중위 / 기대수명-중위 / 국제순이동-중위)","고령인구(천명): 85세+",551
"2016","중위 추계(기본 추계: 출산율-중위 / 기대수명-중위 / 국제순이동-중위)","- 구성비(%): 65세+",13.2
"2016","중위 추계(기본 추계: 출산율-중위 / 기대수명-중위 / 국제순이동-중위)","- 구성비(%): 65-69세",4.3
"2016","중위 추계(기본 추계: 출산율-중위 / 기대수명-중위 / 국제순이동-중위)","- 구성비(%): 70세+",8.9
"2016","중위 추계(기본 추계: 출산율-중위 / 기대수명-중위 / 국제순이동-중위)","- 구성비(%): 75세+",5.5
"2016","중위 추계(기본 추계: 출산율-중위 / 기대수명-중위 / 국제순이동-중위)","- 구성비(%): 80세+",2.8
"2016","중위 추계(기본 추계: 출산율-중위 / 기대수명-중위 / 국제순이동-중위)","- 구성비(%): 85세+",1.1
"2016","중위 추계(기본 추계: 출산율-중위 / 기대수명-중위 / 국제순이동-중위)","- 성비(여자100명당): 65세+",73
"2016","중위 추계(기본 추계: 출산율-중위 / 기대수명-중위 / 국제순이동-중위)","- 성비(여자100명당): 65-69세",92.1
"2016","중위 추계(기본 추계: 출산율-중위 / 기대수명-중위 / 국제순이동-중위)","- 성비(여자100명당): 70세+",65.1
"2016","중위 추계(기본 추계: 출산율-중위 / 기대수명-중위 / 국제순이동-중위)","- 성비(여자100명당): 75세+",56.1
"2016","중위 추계(기본 추계: 출산율-중위 / 기대수명-중위 / 국제순이동-중위)","- 성비(여자100명당): 80세+",44.8
"2016","중위 추계(기본 추계: 출산율-중위 / 기대수명-중위 / 국제순이동-중위)","- 성비(여자100명당): 85세+",33.9
"2016","중위 추계(기본 추계: 출산율-중위 / 기대수명-중위 / 국제순이동-중위)","학령인구(천명): 계(6-21세)",8672
"2016","중위 추계(기본 추계: 출산율-중위 / 기대수명-중위 / 국제순이동-중위)","학령인구(천명): 초등학교(6-11세)",2688
"2016","중위 추계(기본 추계: 출산율-중위 / 기대수명-중위 / 국제순이동-중위)","학령인구(천명): 중학교(12-14세)",1458
"2016","중위 추계(기본 추계: 출산율-중위 / 기대수명-중위 / 국제순이동-중위)","학령인구(천명): 고등학교(15-17세)",1816
"2016","중위 추계(기본 추계: 출산율-중위 / 기대수명-중위 / 국제순이동-중위)","학령인구(천명): 대학교(18-21세)",2710
"2016","중위 추계(기본 추계: 출산율-중위 / 기대수명-중위 / 국제순이동-중위)","청소년인구(천명): 계(9-24세)",9470
"2016","중위 추계(기본 추계: 출산율-중위 / 기대수명-중위 / 국제순이동-중위)","청소년인구(천명): 9-13세",2267
"2016","중위 추계(기본 추계: 출산율-중위 / 기대수명-중위 / 국제순이동-중위)","청소년인구(천명): 14-17세",2326
"2016","중위 추계(기본 추계: 출산율-중위 / 기대수명-중위 / 국제순이동-중위)","청소년인구(천명): 18-19세",1316
"2016","중위 추계(기본 추계: 출산율-중위 / 기대수명-중위 / 국제순이동-중위)","청소년인구(천명): 20-24세",3560
"2016","중위 추계(기본 추계: 출산율-중위 / 기대수명-중위 / 국제순이동-중위)","- 구성비(%): 9-13세",4.4
"2016","중위 추계(기본 추계: 출산율-중위 / 기대수명-중위 / 국제순이동-중위)","- 구성비(%): 14-17세",4.5
"2016","중위 추계(기본 추계: 출산율-중위 / 기대수명-중위 / 국제순이동-중위)","- 구성비(%): 18-19세",2.6
"2016","중위 추계(기본 추계: 출산율-중위 / 기대수명-중위 / 국제순이동-중위)","- 구성비(%): 20-24세",7
"2016","중위 추계(기본 추계: 출산율-중위 / 기대수명-중위 / 국제순이동-중위)","청년인구(천명): 19-34세",11197
"2016","중위 추계(기본 추계: 출산율-중위 / 기대수명-중위 / 국제순이동-중위)","- 구성비(%): 19-34세",21.9
"2016","중위 추계(기본 추계: 출산율-중위 / 기대수명-중위 / 국제순이동-중위)","유소년인구(천명): 0-14세",6865
"2016","중위 추계(기본 추계: 출산율-중위 / 기대수명-중위 / 국제순이동-중위)","- 구성비(%): 0-14세",13.4
"2016","중위 추계(기본 추계: 출산율-중위 / 기대수명-중위 / 국제순이동-중위)","영유아인구(천명): 0-5세",2719
"2016","중위 추계(기본 추계: 출산율-중위 / 기대수명-중위 / 국제순이동-중위)","- 구성비(%): 0-5세",5.3
"2017","중위 추계(기본 추계: 출산율-중위 / 기대수명-중위 / 국제순이동-중위)","생산연령인구(천명): 계(15~64세)",37572
"2017","중위 추계(기본 추계: 출산율-중위 / 기대수명-중위 / 국제순이동-중위)","생산연령인구(천명): 15-24세",6512
"2017","중위 추계(기본 추계: 출산율-중위 / 기대수명-중위 / 국제순이동-중위)","생산연령인구(천명): 25-49세",19499
"2017","중위 추계(기본 추계: 출산율-중위 / 기대수명-중위 / 국제순이동-중위)","생산연령인구(천명): 50-64세",11560
"2017","중위 추계(기본 추계: 출산율-중위 / 기대수명-중위 / 국제순이동-중위)","- 구성비(%): 15-24세",12.7
"2017","중위 추계(기본 추계: 출산율-중위 / 기대수명-중위 / 국제순이동-중위)","- 구성비(%): 25-49세",38
"2017","중위 추계(기본 추계: 출산율-중위 / 기대수명-중위 / 국제순이동-중위)","- 구성비(%): 50-64세",22.5
"2017","중위 추계(기본 추계: 출산율-중위 / 기대수명-중위 / 국제순이동-중위)","고령인구(천명): 65세+",7066
"2017","중위 추계(기본 추계: 출산율-중위 / 기대수명-중위 / 국제순이동-중위)","고령인구(천명): 65-69세",2287
"2017","중위 추계(기본 추계: 출산율-중위 / 기대수명-중위 / 국제순이동-중위)","고령인구(천명): 70세+",4780
"2017","중위 추계(기본 추계: 출산율-중위 / 기대수명-중위 / 국제순이동-중위)","고령인구(천명): 75세+",3023
"2017","중위 추계(기본 추계: 출산율-중위 / 기대수명-중위 / 국제순이동-중위)","고령인구(천명): 80세+",1528
"2017","중위 추계(기본 추계: 출산율-중위 / 기대수명-중위 / 국제순이동-중위)","고령인구(천명): 85세+",598
"2017","중위 추계(기본 추계: 출산율-중위 / 기대수명-중위 / 국제순이동-중위)","- 구성비(%): 65세+",13.8
"2017","중위 추계(기본 추계: 출산율-중위 / 기대수명-중위 / 국제순이동-중위)","- 구성비(%): 65-69세",4.5
"2017","중위 추계(기본 추계: 출산율-중위 / 기대수명-중위 / 국제순이동-중위)","- 구성비(%): 70세+",9.3
"2017","중위 추계(기본 추계: 출산율-중위 / 기대수명-중위 / 국제순이동-중위)","- 구성비(%): 75세+",5.9
"2017","중위 추계(기본 추계: 출산율-중위 / 기대수명-중위 / 국제순이동-중위)","- 구성비(%): 80세+",3
"2017","중위 추계(기본 추계: 출산율-중위 / 기대수명-중위 / 국제순이동-중위)","- 구성비(%): 85세+",1.2
"2017","중위 추계(기본 추계: 출산율-중위 / 기대수명-중위 / 국제순이동-중위)","- 성비(여자100명당): 65세+",73.9
"2017","중위 추계(기본 추계: 출산율-중위 / 기대수명-중위 / 국제순이동-중위)","- 성비(여자100명당): 65-69세",92.5
"2017","중위 추계(기본 추계: 출산율-중위 / 기대수명-중위 / 국제순이동-중위)","- 성비(여자100명당): 70세+",66.2
"2017","중위 추계(기본 추계: 출산율-중위 / 기대수명-중위 / 국제순이동-중위)","- 성비(여자100명당): 75세+",57.5
"2017","중위 추계(기본 추계: 출산율-중위 / 기대수명-중위 / 국제순이동-중위)","- 성비(여자100명당): 80세+",46.1
"2017","중위 추계(기본 추계: 출산율-중위 / 기대수명-중위 / 국제순이동-중위)","- 성비(여자100명당): 85세+",34.6
"2017","중위 추계(기본 추계: 출산율-중위 / 기대수명-중위 / 국제순이동-중위)","학령인구(천명): 계(6-21세)",8461
"2017","중위 추계(기본 추계: 출산율-중위 / 기대수명-중위 / 국제순이동-중위)","학령인구(천명): 초등학교(6-11세)",2719
"2017","중위 추계(기본 추계: 출산율-중위 / 기대수명-중위 / 국제순이동-중위)","학령인구(천명): 중학교(12-14세)",1385
"2017","중위 추계(기본 추계: 출산율-중위 / 기대수명-중위 / 국제순이동-중위)","학령인구(천명): 고등학교(15-17세)",1715
"2017","중위 추계(기본 추계: 출산율-중위 / 기대수명-중위 / 국제순이동-중위)","학령인구(천명): 대학교(18-21세)",2642
"2017","중위 추계(기본 추계: 출산율-중위 / 기대수명-중위 / 국제순이동-중위)","청소년인구(천명): 계(9-24세)",9254
"2017","중위 추계(기본 추계: 출산율-중위 / 기대수명-중위 / 국제순이동-중위)","청소년인구(천명): 9-13세",2268
"2017","중위 추계(기본 추계: 출산율-중위 / 기대수명-중위 / 국제순이동-중위)","청소년인구(천명): 14-17세",2190
"2017","중위 추계(기본 추계: 출산율-중위 / 기대수명-중위 / 국제순이동-중위)","청소년인구(천명): 18-19세",1267
"2017","중위 추계(기본 추계: 출산율-중위 / 기대수명-중위 / 국제순이동-중위)","청소년인구(천명): 20-24세",3530
"2017","중위 추계(기본 추계: 출산율-중위 / 기대수명-중위 / 국제순이동-중위)","- 구성비(%): 9-13세",4.4
"2017","중위 추계(기본 추계: 출산율-중위 / 기대수명-중위 / 국제순이동-중위)","- 구성비(%): 14-17세",4.3
"2017","중위 추계(기본 추계: 출산율-중위 / 기대수명-중위 / 국제순이동-중위)","- 구성비(%): 18-19세",2.5
"2017","중위 추계(기본 추계: 출산율-중위 / 기대수명-중위 / 국제순이동-중위)","- 구성비(%): 20-24세",6.9
"2017","중위 추계(기본 추계: 출산율-중위 / 기대수명-중위 / 국제순이동-중위)","청년인구(천명): 19-34세",11044
"2017","중위 추계(기본 추계: 출산율-중위 / 기대수명-중위 / 국제순이동-중위)","- 구성비(%): 19-34세",21.5
"2017","중위 추계(기본 추계: 출산율-중위 / 기대수명-중위 / 국제순이동-중위)","유소년인구(천명): 0-14세",6724
"2017","중위 추계(기본 추계: 출산율-중위 / 기대수명-중위 / 국제순이동-중위)","- 구성비(%): 0-14세",13.1
"2017","중위 추계(기본 추계: 출산율-중위 / 기대수명-중위 / 국제순이동-중위)","영유아인구(천명): 0-5세",2620
"2017","중위 추계(기본 추계: 출산율-중위 / 기대수명-중위 / 국제순이동-중위)","- 구성비(%): 0-5세",5.1
"2018","중위 추계(기본 추계: 출산율-중위 / 기대수명-중위 / 국제순이동-중위)","생산연령인구(천명): 계(15~64세)",37624
"2018","중위 추계(기본 추계: 출산율-중위 / 기대수명-중위 / 국제순이동-중위)","생산연령인구(천명): 15-24세",6318
"2018","중위 추계(기본 추계: 출산율-중위 / 기대수명-중위 / 국제순이동-중위)","생산연령인구(천명): 25-49세",19454
"2018","중위 추계(기본 추계: 출산율-중위 / 기대수명-중위 / 국제순이동-중위)","생산연령인구(천명): 50-64세",11852
"2018","중위 추계(기본 추계: 출산율-중위 / 기대수명-중위 / 국제순이동-중위)","- 구성비(%): 15-24세",12.2
"2018","중위 추계(기본 추계: 출산율-중위 / 기대수명-중위 / 국제순이동-중위)","- 구성비(%): 25-49세",37.7
"2018","중위 추계(기본 추계: 출산율-중위 / 기대수명-중위 / 국제순이동-중위)","- 구성비(%): 50-64세",23
"2018","중위 추계(기본 추계: 출산율-중위 / 기대수명-중위 / 국제순이동-중위)","고령인구(천명): 65세+",7366
"2018","중위 추계(기본 추계: 출산율-중위 / 기대수명-중위 / 국제순이동-중위)","고령인구(천명): 65-69세",2357
"2018","중위 추계(기본 추계: 출산율-중위 / 기대수명-중위 / 국제순이동-중위)","고령인구(천명): 70세+",5009
"2018","중위 추계(기본 추계: 출산율-중위 / 기대수명-중위 / 국제순이동-중위)","고령인구(천명): 75세+",3214
"2018","중위 추계(기본 추계: 출산율-중위 / 기대수명-중위 / 국제순이동-중위)","고령인구(천명): 80세+",1635
"2018","중위 추계(기본 추계: 출산율-중위 / 기대수명-중위 / 국제순이동-중위)","고령인구(천명): 85세+",648
"2018","중위 추계(기본 추계: 출산율-중위 / 기대수명-중위 / 국제순이동-중위)","- 구성비(%): 65세+",14.3
"2018","중위 추계(기본 추계: 출산율-중위 / 기대수명-중위 / 국제순이동-중위)","- 구성비(%): 65-69세",4.6
"2018","중위 추계(기본 추계: 출산율-중위 / 기대수명-중위 / 국제순이동-중위)","- 구성비(%): 70세+",9.7
"2018","중위 추계(기본 추계: 출산율-중위 / 기대수명-중위 / 국제순이동-중위)","- 구성비(%): 75세+",6.2
"2018","중위 추계(기본 추계: 출산율-중위 / 기대수명-중위 / 국제순이동-중위)","- 구성비(%): 80세+",3.2
"2018","중위 추계(기본 추계: 출산율-중위 / 기대수명-중위 / 국제순이동-중위)","- 구성비(%): 85세+",1.3
"2018","중위 추계(기본 추계: 출산율-중위 / 기대수명-중위 / 국제순이동-중위)","- 성비(여자100명당): 65세+",74.6
"2018","중위 추계(기본 추계: 출산율-중위 / 기대수명-중위 / 국제순이동-중위)","- 성비(여자100명당): 65-69세",92.5
"2018","중위 추계(기본 추계: 출산율-중위 / 기대수명-중위 / 국제순이동-중위)","- 성비(여자100명당): 70세+",67.3
"2018","중위 추계(기본 추계: 출산율-중위 / 기대수명-중위 / 국제순이동-중위)","- 성비(여자100명당): 75세+",58.7
"2018","중위 추계(기본 추계: 출산율-중위 / 기대수명-중위 / 국제순이동-중위)","- 성비(여자100명당): 80세+",47.3
"2018","중위 추계(기본 추계: 출산율-중위 / 기대수명-중위 / 국제순이동-중위)","- 성비(여자100명당): 85세+",35.4
"2018","중위 추계(기본 추계: 출산율-중위 / 기대수명-중위 / 국제순이동-중위)","학령인구(천명): 계(6-21세)",8263
"2018","중위 추계(기본 추계: 출산율-중위 / 기대수명-중위 / 국제순이동-중위)","학령인구(천명): 초등학교(6-11세)",2756
"2018","중위 추계(기본 추계: 출산율-중위 / 기대수명-중위 / 국제순이동-중위)","학령인구(천명): 중학교(12-14세)",1340
"2018","중위 추계(기본 추계: 출산율-중위 / 기대수명-중위 / 국제순이동-중위)","학령인구(천명): 고등학교(15-17세)",1574
"2018","중위 추계(기본 추계: 출산율-중위 / 기대수명-중위 / 국제순이동-중위)","학령인구(천명): 대학교(18-21세)",2593
"2018","중위 추계(기본 추계: 출산율-중위 / 기대수명-중위 / 국제순이동-중위)","청소년인구(천명): 계(9-24세)",9031
"2018","중위 추계(기본 추계: 출산율-중위 / 기대수명-중위 / 국제순이동-중위)","청소년인구(천명): 9-13세",2241
"2018","중위 추계(기본 추계: 출산율-중위 / 기대수명-중위 / 국제순이동-중위)","청소년인구(천명): 14-17세",2045
"2018","중위 추계(기본 추계: 출산율-중위 / 기대수명-중위 / 국제순이동-중위)","청소년인구(천명): 18-19세",1246
"2018","중위 추계(기본 추계: 출산율-중위 / 기대수명-중위 / 국제순이동-중위)","청소년인구(천명): 20-24세",3498
"2018","중위 추계(기본 추계: 출산율-중위 / 기대수명-중위 / 국제순이동-중위)","- 구성비(%): 9-13세",4.3
"2018","중위 추계(기본 추계: 출산율-중위 / 기대수명-중위 / 국제순이동-중위)","- 구성비(%): 14-17세",4
"2018","중위 추계(기본 추계: 출산율-중위 / 기대수명-중위 / 국제순이동-중위)","- 구성비(%): 18-19세",2.4
"2018","중위 추계(기본 추계: 출산율-중위 / 기대수명-중위 / 국제순이동-중위)","- 구성비(%): 20-24세",6.8
"2018","중위 추계(기본 추계: 출산율-중위 / 기대수명-중위 / 국제순이동-중위)","청년인구(천명): 19-34세",10976
"2018","중위 추계(기본 추계: 출산율-중위 / 기대수명-중위 / 국제순이동-중위)","- 구성비(%): 19-34세",21.3
"2018","중위 추계(기본 추계: 출산율-중위 / 기대수명-중위 / 국제순이동-중위)","유소년인구(천명): 0-14세",6595
"2018","중위 추계(기본 추계: 출산율-중위 / 기대수명-중위 / 국제순이동-중위)","- 구성비(%): 0-14세",12.8
"2018","중위 추계(기본 추계: 출산율-중위 / 기대수명-중위 / 국제순이동-중위)","영유아인구(천명): 0-5세",2499
"2018","중위 추계(기본 추계: 출산율-중위 / 기대수명-중위 / 국제순이동-중위)","- 구성비(%): 0-5세",4.8
"2019","중위 추계(기본 추계: 출산율-중위 / 기대수명-중위 / 국제순이동-중위)","생산연령인구(천명): 계(15~64세)",37628
"2019","중위 추계(기본 추계: 출산율-중위 / 기대수명-중위 / 국제순이동-중위)","생산연령인구(천명): 15-24세",6125
"2019","중위 추계(기본 추계: 출산율-중위 / 기대수명-중위 / 국제순이동-중위)","생산연령인구(천명): 25-49세",19281
"2019","중위 추계(기본 추계: 출산율-중위 / 기대수명-중위 / 국제순이동-중위)","생산연령인구(천명): 50-64세",12221
"2019","중위 추계(기본 추계: 출산율-중위 / 기대수명-중위 / 국제순이동-중위)","- 구성비(%): 15-24세",11.8
"2019","중위 추계(기본 추계: 출산율-중위 / 기대수명-중위 / 국제순이동-중위)","- 구성비(%): 25-49세",37.2
"2019","중위 추계(기본 추계: 출산율-중위 / 기대수명-중위 / 국제순이동-중위)","- 구성비(%): 50-64세",23.6
"2019","중위 추계(기본 추계: 출산율-중위 / 기대수명-중위 / 국제순이동-중위)","고령인구(천명): 65세+",7689
"2019","중위 추계(기본 추계: 출산율-중위 / 기대수명-중위 / 국제순이동-중위)","고령인구(천명): 65-69세",2449
"2019","중위 추계(기본 추계: 출산율-중위 / 기대수명-중위 / 국제순이동-중위)","고령인구(천명): 70세+",5240
"2019","중위 추계(기본 추계: 출산율-중위 / 기대수명-중위 / 국제순이동-중위)","고령인구(천명): 75세+",3354
"2019","중위 추계(기본 추계: 출산율-중위 / 기대수명-중위 / 국제순이동-중위)","고령인구(천명): 80세+",1765
"2019","중위 추계(기본 추계: 출산율-중위 / 기대수명-중위 / 국제순이동-중위)","고령인구(천명): 85세+",709
"2019","중위 추계(기본 추계: 출산율-중위 / 기대수명-중위 / 국제순이동-중위)","- 구성비(%): 65세+",14.9
"2019","중위 추계(기본 추계: 출산율-중위 / 기대수명-중위 / 국제순이동-중위)","- 구성비(%): 65-69세",4.7
"2019","중위 추계(기본 추계: 출산율-중위 / 기대수명-중위 / 국제순이동-중위)","- 구성비(%): 70세+",10.1
"2019","중위 추계(기본 추계: 출산율-중위 / 기대수명-중위 / 국제순이동-중위)","- 구성비(%): 75세+",6.5
"2019","중위 추계(기본 추계: 출산율-중위 / 기대수명-중위 / 국제순이동-중위)","- 구성비(%): 80세+",3.4
"2019","중위 추계(기본 추계: 출산율-중위 / 기대수명-중위 / 국제순이동-중위)","- 구성비(%): 85세+",1.4
"2019","중위 추계(기본 추계: 출산율-중위 / 기대수명-중위 / 국제순이동-중위)","- 성비(여자100명당): 65세+",75.3
"2019","중위 추계(기본 추계: 출산율-중위 / 기대수명-중위 / 국제순이동-중위)","- 성비(여자100명당): 65-69세",92.6
"2019","중위 추계(기본 추계: 출산율-중위 / 기대수명-중위 / 국제순이동-중위)","- 성비(여자100명당): 70세+",68.2
"2019","중위 추계(기본 추계: 출산율-중위 / 기대수명-중위 / 국제순이동-중위)","- 성비(여자100명당): 75세+",59.3
"2019","중위 추계(기본 추계: 출산율-중위 / 기대수명-중위 / 국제순이동-중위)","- 성비(여자100명당): 80세+",48.5
"2019","중위 추계(기본 추계: 출산율-중위 / 기대수명-중위 / 국제순이동-중위)","- 성비(여자100명당): 85세+",36.5
"2019","중위 추계(기본 추계: 출산율-중위 / 기대수명-중위 / 국제순이동-중위)","학령인구(천명): 계(6-21세)",8074
"2019","중위 추계(기본 추계: 출산율-중위 / 기대수명-중위 / 국제순이동-중위)","학령인구(천명): 초등학교(6-11세)",2766
"2019","중위 추계(기본 추계: 출산율-중위 / 기대수명-중위 / 국제순이동-중위)","학령인구(천명): 중학교(12-14세)",1319
"2019","중위 추계(기본 추계: 출산율-중위 / 기대수명-중위 / 국제순이동-중위)","학령인구(천명): 고등학교(15-17세)",1453
"2019","중위 추계(기본 추계: 출산율-중위 / 기대수명-중위 / 국제순이동-중위)","학령인구(천명): 대학교(18-21세)",2537
"2019","중위 추계(기본 추계: 출산율-중위 / 기대수명-중위 / 국제순이동-중위)","청소년인구(천명): 계(9-24세)",8806
"2019","중위 추계(기본 추계: 출산율-중위 / 기대수명-중위 / 국제순이동-중위)","청소년인구(천명): 9-13세",2242
"2019","중위 추계(기본 추계: 출산율-중위 / 기대수명-중위 / 국제순이동-중위)","청소년인구(천명): 14-17세",1891
"2019","중위 추계(기본 추계: 출산율-중위 / 기대수명-중위 / 국제순이동-중위)","청소년인구(천명): 18-19세",1233
"2019","중위 추계(기본 추계: 출산율-중위 / 기대수명-중위 / 국제순이동-중위)","청소년인구(천명): 20-24세",3439
"2019","중위 추계(기본 추계: 출산율-중위 / 기대수명-중위 / 국제순이동-중위)","- 구성비(%): 9-13세",4.3
"2019","중위 추계(기본 추계: 출산율-중위 / 기대수명-중위 / 국제순이동-중위)","- 구성비(%): 14-17세",3.7
"2019","중위 추계(기본 추계: 출산율-중위 / 기대수명-중위 / 국제순이동-중위)","- 구성비(%): 18-19세",2.4
"2019","중위 추계(기본 추계: 출산율-중위 / 기대수명-중위 / 국제순이동-중위)","- 구성비(%): 20-24세",6.6
"2019","중위 추계(기본 추계: 출산율-중위 / 기대수명-중위 / 국제순이동-중위)","청년인구(천명): 19-34세",10968
"2019","중위 추계(기본 추계: 출산율-중위 / 기대수명-중위 / 국제순이동-중위)","- 구성비(%): 19-34세",21.2
"2019","중위 추계(기본 추계: 출산율-중위 / 기대수명-중위 / 국제순이동-중위)","유소년인구(천명): 0-14세",6448
"2019","중위 추계(기본 추계: 출산율-중위 / 기대수명-중위 / 국제순이동-중위)","- 구성비(%): 0-14세",12.5
"2019","중위 추계(기본 추계: 출산율-중위 / 기대수명-중위 / 국제순이동-중위)","영유아인구(천명): 0-5세",2364
"2019","중위 추계(기본 추계: 출산율-중위 / 기대수명-중위 / 국제순이동-중위)","- 구성비(%): 0-5세",4.6
"2020","중위 추계(기본 추계: 출산율-중위 / 기대수명-중위 / 국제순이동-중위)","생산연령인구(천명): 계(15~64세)",37379
"2020","중위 추계(기본 추계: 출산율-중위 / 기대수명-중위 / 국제순이동-중위)","생산연령인구(천명): 15-24세",5911
"2020","중위 추계(기본 추계: 출산율-중위 / 기대수명-중위 / 국제순이동-중위)","생산연령인구(천명): 25-49세",19078
"2020","중위 추계(기본 추계: 출산율-중위 / 기대수명-중위 / 국제순이동-중위)","생산연령인구(천명): 50-64세",12390
"2020","중위 추계(기본 추계: 출산율-중위 / 기대수명-중위 / 국제순이동-중위)","- 구성비(%): 15-24세",11.4
"2020","중위 추계(기본 추계: 출산율-중위 / 기대수명-중위 / 국제순이동-중위)","- 구성비(%): 25-49세",36.8
"2020","중위 추계(기본 추계: 출산율-중위 / 기대수명-중위 / 국제순이동-중위)","- 구성비(%): 50-64세",23.9
"2020","중위 추계(기본 추계: 출산율-중위 / 기대수명-중위 / 국제순이동-중위)","고령인구(천명): 65세+",8152
"2020","중위 추계(기본 추계: 출산율-중위 / 기대수명-중위 / 국제순이동-중위)","고령인구(천명): 65-69세",2662
"2020","중위 추계(기본 추계: 출산율-중위 / 기대수명-중위 / 국제순이동-중위)","고령인구(천명): 70세+",5490
"2020","중위 추계(기본 추계: 출산율-중위 / 기대수명-중위 / 국제순이동-중위)","고령인구(천명): 75세+",3499
"2020","중위 추계(기본 추계: 출산율-중위 / 기대수명-중위 / 국제순이동-중위)","고령인구(천명): 80세+",1891
"2020","중위 추계(기본 추계: 출산율-중위 / 기대수명-중위 / 국제순이동-중위)","고령인구(천명): 85세+",782
"2020","중위 추계(기본 추계: 출산율-중위 / 기대수명-중위 / 국제순이동-중위)","- 구성비(%): 65세+",15.7
"2020","중위 추계(기본 추계: 출산율-중위 / 기대수명-중위 / 국제순이동-중위)","- 구성비(%): 65-69세",5.1
"2020","중위 추계(기본 추계: 출산율-중위 / 기대수명-중위 / 국제순이동-중위)","- 구성비(%): 70세+",10.6
"2020","중위 추계(기본 추계: 출산율-중위 / 기대수명-중위 / 국제순이동-중위)","- 구성비(%): 75세+",6.8
"2020","중위 추계(기본 추계: 출산율-중위 / 기대수명-중위 / 국제순이동-중위)","- 구성비(%): 80세+",3.6
"2020","중위 추계(기본 추계: 출산율-중위 / 기대수명-중위 / 국제순이동-중위)","- 구성비(%): 85세+",1.5
"2020","중위 추계(기본 추계: 출산율-중위 / 기대수명-중위 / 국제순이동-중위)","- 성비(여자100명당): 65세+",76
"2020","중위 추계(기본 추계: 출산율-중위 / 기대수명-중위 / 국제순이동-중위)","- 성비(여자100명당): 65-69세",92.6
"2020","중위 추계(기본 추계: 출산율-중위 / 기대수명-중위 / 국제순이동-중위)","- 성비(여자100명당): 70세+",69
"2020","중위 추계(기본 추계: 출산율-중위 / 기대수명-중위 / 국제순이동-중위)","- 성비(여자100명당): 75세+",60
"2020","중위 추계(기본 추계: 출산율-중위 / 기대수명-중위 / 국제순이동-중위)","- 성비(여자100명당): 80세+",49.5
"2020","중위 추계(기본 추계: 출산율-중위 / 기대수명-중위 / 국제순이동-중위)","- 성비(여자100명당): 85세+",37.5
"2020","중위 추계(기본 추계: 출산율-중위 / 기대수명-중위 / 국제순이동-중위)","학령인구(천명): 계(6-21세)",7888
"2020","중위 추계(기본 추계: 출산율-중위 / 기대수명-중위 / 국제순이동-중위)","학령인구(천명): 초등학교(6-11세)",2724
"2020","중위 추계(기본 추계: 출산율-중위 / 기대수명-중위 / 국제순이동-중위)","학령인구(천명): 중학교(12-14세)",1364
"2020","중위 추계(기본 추계: 출산율-중위 / 기대수명-중위 / 국제순이동-중위)","학령인구(천명): 고등학교(15-17세)",1390
"2020","중위 추계(기본 추계: 출산율-중위 / 기대수명-중위 / 국제순이동-중위)","학령인구(천명): 대학교(18-21세)",2410
"2020","중위 추계(기본 추계: 출산율-중위 / 기대수명-중위 / 국제순이동-중위)","청소년인구(천명): 계(9-24세)",8638
"2020","중위 추계(기본 추계: 출산율-중위 / 기대수명-중위 / 국제순이동-중위)","청소년인구(천명): 9-13세",2295
"2020","중위 추계(기본 추계: 출산율-중위 / 기대수명-중위 / 국제순이동-중위)","청소년인구(천명): 14-17세",1822
"2020","중위 추계(기본 추계: 출산율-중위 / 기대수명-중위 / 국제순이동-중위)","청소년인구(천명): 18-19세",1128
"2020","중위 추계(기본 추계: 출산율-중위 / 기대수명-중위 / 국제순이동-중위)","청소년인구(천명): 20-24세",3392
"2020","중위 추계(기본 추계: 출산율-중위 / 기대수명-중위 / 국제순이동-중위)","- 구성비(%): 9-13세",4.4
"2020","중위 추계(기본 추계: 출산율-중위 / 기대수명-중위 / 국제순이동-중위)","- 구성비(%): 14-17세",3.5
"2020","중위 추계(기본 추계: 출산율-중위 / 기대수명-중위 / 국제순이동-중위)","- 구성비(%): 18-19세",2.2
"2020","중위 추계(기본 추계: 출산율-중위 / 기대수명-중위 / 국제순이동-중위)","- 구성비(%): 20-24세",6.5
"2020","중위 추계(기본 추계: 출산율-중위 / 기대수명-중위 / 국제순이동-중위)","청년인구(천명): 19-34세",10956
"2020","중위 추계(기본 추계: 출산율-중위 / 기대수명-중위 / 국제순이동-중위)","- 구성비(%): 19-34세",21.1
"2020","중위 추계(기본 추계: 출산율-중위 / 기대수명-중위 / 국제순이동-중위)","유소년인구(천명): 0-14세",6306
"2020","중위 추계(기본 추계: 출산율-중위 / 기대수명-중위 / 국제순이동-중위)","- 구성비(%): 0-14세",12.2
"2020","중위 추계(기본 추계: 출산율-중위 / 기대수명-중위 / 국제순이동-중위)","영유아인구(천명): 0-5세",2218
"2020","중위 추계(기본 추계: 출산율-중위 / 기대수명-중위 / 국제순이동-중위)","- 구성비(%): 0-5세",4.3
"2021","중위 추계(기본 추계: 출산율-중위 / 기대수명-중위 / 국제순이동-중위)","생산연령인구(천명): 계(15~64세)",37051
"2021","중위 추계(기본 추계: 출산율-중위 / 기대수명-중위 / 국제순이동-중위)","생산연령인구(천명): 15-24세",5624
"2021","중위 추계(기본 추계: 출산율-중위 / 기대수명-중위 / 국제순이동-중위)","생산연령인구(천명): 25-49세",18823
"2021","중위 추계(기본 추계: 출산율-중위 / 기대수명-중위 / 국제순이동-중위)","생산연령인구(천명): 50-64세",12604
"2021","중위 추계(기본 추계: 출산율-중위 / 기대수명-중위 / 국제순이동-중위)","- 구성비(%): 15-24세",10.9
"2021","중위 추계(기본 추계: 출산율-중위 / 기대수명-중위 / 국제순이동-중위)","- 구성비(%): 25-49세",36.4
"2021","중위 추계(기본 추계: 출산율-중위 / 기대수명-중위 / 국제순이동-중위)","- 구성비(%): 50-64세",24.3
"2021","중위 추계(기본 추계: 출산율-중위 / 기대수명-중위 / 국제순이동-중위)","고령인구(천명): 65세+",8570
"2021","중위 추계(기본 추계: 출산율-중위 / 기대수명-중위 / 국제순이동-중위)","고령인구(천명): 65-69세",2895
"2021","중위 추계(기본 추계: 출산율-중위 / 기대수명-중위 / 국제순이동-중위)","고령인구(천명): 70세+",5675
"2021","중위 추계(기본 추계: 출산율-중위 / 기대수명-중위 / 국제순이동-중위)","고령인구(천명): 75세+",3584
"2021","중위 추계(기본 추계: 출산율-중위 / 기대수명-중위 / 국제순이동-중위)","고령인구(천명): 80세+",2017
"2021","중위 추계(기본 추계: 출산율-중위 / 기대수명-중위 / 국제순이동-중위)","고령인구(천명): 85세+",859
"2021","중위 추계(기본 추계: 출산율-중위 / 기대수명-중위 / 국제순이동-중위)","- 구성비(%): 65세+",16.6
"2021","중위 추계(기본 추계: 출산율-중위 / 기대수명-중위 / 국제순이동-중위)","- 구성비(%): 65-69세",5.6
"2021","중위 추계(기본 추계: 출산율-중위 / 기대수명-중위 / 국제순이동-중위)","- 구성비(%): 70세+",11
"2021","중위 추계(기본 추계: 출산율-중위 / 기대수명-중위 / 국제순이동-중위)","- 구성비(%): 75세+",6.9
"2021","중위 추계(기본 추계: 출산율-중위 / 기대수명-중위 / 국제순이동-중위)","- 구성비(%): 80세+",3.9
"2021","중위 추계(기본 추계: 출산율-중위 / 기대수명-중위 / 국제순이동-중위)","- 구성비(%): 85세+",1.7
"2021","중위 추계(기본 추계: 출산율-중위 / 기대수명-중위 / 국제순이동-중위)","- 성비(여자100명당): 65세+",76.8
"2021","중위 추계(기본 추계: 출산율-중위 / 기대수명-중위 / 국제순이동-중위)","- 성비(여자100명당): 65-69세",92.9
"2021","중위 추계(기본 추계: 출산율-중위 / 기대수명-중위 / 국제순이동-중위)","- 성비(여자100명당): 70세+",69.6
"2021","중위 추계(기본 추계: 출산율-중위 / 기대수명-중위 / 국제순이동-중위)","- 성비(여자100명당): 75세+",60.7
"2021","중위 추계(기본 추계: 출산율-중위 / 기대수명-중위 / 국제순이동-중위)","- 성비(여자100명당): 80세+",50.6
"2021","중위 추계(기본 추계: 출산율-중위 / 기대수명-중위 / 국제순이동-중위)","- 성비(여자100명당): 85세+",38.6
"2021","중위 추계(기본 추계: 출산율-중위 / 기대수명-중위 / 국제순이동-중위)","학령인구(천명): 계(6-21세)",7701
"2021","중위 추계(기본 추계: 출산율-중위 / 기대수명-중위 / 국제순이동-중위)","학령인구(천명): 초등학교(6-11세)",2720
"2021","중위 추계(기본 추계: 출산율-중위 / 기대수명-중위 / 국제순이동-중위)","학령인구(천명): 중학교(12-14세)",1380
"2021","중위 추계(기본 추계: 출산율-중위 / 기대수명-중위 / 국제순이동-중위)","학령인구(천명): 고등학교(15-17세)",1344
"2021","중위 추계(기본 추계: 출산율-중위 / 기대수명-중위 / 국제순이동-중위)","학령인구(천명): 대학교(18-21세)",2257
"2021","중위 추계(기본 추계: 출산율-중위 / 기대수명-중위 / 국제순이동-중위)","청소년인구(천명): 계(9-24세)",8390
"2021","중위 추계(기본 추계: 출산율-중위 / 기대수명-중위 / 국제순이동-중위)","청소년인구(천명): 9-13세",2314
"2021","중위 추계(기본 추계: 출산율-중위 / 기대수명-중위 / 국제순이동-중위)","청소년인구(천명): 14-17세",1796
"2021","중위 추계(기본 추계: 출산율-중위 / 기대수명-중위 / 국제순이동-중위)","청소년인구(천명): 18-19세",1002
"2021","중위 추계(기본 추계: 출산율-중위 / 기대수명-중위 / 국제순이동-중위)","청소년인구(천명): 20-24세",3278
"2021","중위 추계(기본 추계: 출산율-중위 / 기대수명-중위 / 국제순이동-중위)","- 구성비(%): 9-13세",4.5
"2021","중위 추계(기본 추계: 출산율-중위 / 기대수명-중위 / 국제순이동-중위)","- 구성비(%): 14-17세",3.5
"2021","중위 추계(기본 추계: 출산율-중위 / 기대수명-중위 / 국제순이동-중위)","- 구성비(%): 18-19세",1.9
"2021","중위 추계(기본 추계: 출산율-중위 / 기대수명-중위 / 국제순이동-중위)","- 구성비(%): 20-24세",6.3
"2021","중위 추계(기본 추계: 출산율-중위 / 기대수명-중위 / 국제순이동-중위)","청년인구(천명): 19-34세",10782
"2021","중위 추계(기본 추계: 출산율-중위 / 기대수명-중위 / 국제순이동-중위)","- 구성비(%): 19-34세",20.8
"2021","중위 추계(기본 추계: 출산율-중위 / 기대수명-중위 / 국제순이동-중위)","유소년인구(천명): 0-14세",6148
"2021","중위 추계(기본 추계: 출산율-중위 / 기대수명-중위 / 국제순이동-중위)","- 구성비(%): 0-14세",11.9
"2021","중위 추계(기본 추계: 출산율-중위 / 기대수명-중위 / 국제순이동-중위)","영유아인구(천명): 0-5세",2048
"2021","중위 추계(기본 추계: 출산율-중위 / 기대수명-중위 / 국제순이동-중위)","- 구성비(%): 0-5세",4
"2022","중위 추계(기본 추계: 출산율-중위 / 기대수명-중위 / 국제순이동-중위)","생산연령인구(천명): 계(15~64세)",36743
"2022","중위 추계(기본 추계: 출산율-중위 / 기대수명-중위 / 국제순이동-중위)","생산연령인구(천명): 15-24세",5393
"2022","중위 추계(기본 추계: 출산율-중위 / 기대수명-중위 / 국제순이동-중위)","생산연령인구(천명): 25-49세",18599
"2022","중위 추계(기본 추계: 출산율-중위 / 기대수명-중위 / 국제순이동-중위)","생산연령인구(천명): 50-64세",12752
"2022","중위 추계(기본 추계: 출산율-중위 / 기대수명-중위 / 국제순이동-중위)","- 구성비(%): 15-24세",10.4
"2022","중위 추계(기본 추계: 출산율-중위 / 기대수명-중위 / 국제순이동-중위)","- 구성비(%): 25-49세",36
"2022","중위 추계(기본 추계: 출산율-중위 / 기대수명-중위 / 국제순이동-중위)","- 구성비(%): 50-64세",24.7
"2022","중위 추계(기본 추계: 출산율-중위 / 기대수명-중위 / 국제순이동-중위)","고령인구(천명): 65세+",8981
"2022","중위 추계(기본 추계: 출산율-중위 / 기대수명-중위 / 국제순이동-중위)","고령인구(천명): 65-69세",3064
"2022","중위 추계(기본 추계: 출산율-중위 / 기대수명-중위 / 국제순이동-중위)","고령인구(천명): 70세+",5917
"2022","중위 추계(기본 추계: 출산율-중위 / 기대수명-중위 / 국제순이동-중위)","고령인구(천명): 75세+",3753
"2022","중위 추계(기본 추계: 출산율-중위 / 기대수명-중위 / 국제순이동-중위)","고령인구(천명): 80세+",2156
"2022","중위 추계(기본 추계: 출산율-중위 / 기대수명-중위 / 국제순이동-중위)","고령인구(천명): 85세+",917
"2022","중위 추계(기본 추계: 출산율-중위 / 기대수명-중위 / 국제순이동-중위)","- 구성비(%): 65세+",17.4
"2022","중위 추계(기본 추계: 출산율-중위 / 기대수명-중위 / 국제순이동-중위)","- 구성비(%): 65-69세",5.9
"2022","중위 추계(기본 추계: 출산율-중위 / 기대수명-중위 / 국제순이동-중위)","- 구성비(%): 70세+",11.5
"2022","중위 추계(기본 추계: 출산율-중위 / 기대수명-중위 / 국제순이동-중위)","- 구성비(%): 75세+",7.3
"2022","중위 추계(기본 추계: 출산율-중위 / 기대수명-중위 / 국제순이동-중위)","- 구성비(%): 80세+",4.2
"2022","중위 추계(기본 추계: 출산율-중위 / 기대수명-중위 / 국제순이동-중위)","- 구성비(%): 85세+",1.8
"2022","중위 추계(기본 추계: 출산율-중위 / 기대수명-중위 / 국제순이동-중위)","- 성비(여자100명당): 65세+",77.6
"2022","중위 추계(기본 추계: 출산율-중위 / 기대수명-중위 / 국제순이동-중위)","- 성비(여자100명당): 65-69세",93.2
"2022","중위 추계(기본 추계: 출산율-중위 / 기대수명-중위 / 국제순이동-중위)","- 성비(여자100명당): 70세+",70.5
"2022","중위 추계(기본 추계: 출산율-중위 / 기대수명-중위 / 국제순이동-중위)","- 성비(여자100명당): 75세+",61.8
"2022","중위 추계(기본 추계: 출산율-중위 / 기대수명-중위 / 국제순이동-중위)","- 성비(여자100명당): 80세+",52
"2022","중위 추계(기본 추계: 출산율-중위 / 기대수명-중위 / 국제순이동-중위)","- 성비(여자100명당): 85세+",39.8
"2022","중위 추계(기본 추계: 출산율-중위 / 기대수명-중위 / 국제순이동-중위)","학령인구(천명): 계(6-21세)",7497
"2022","중위 추계(기본 추계: 출산율-중위 / 기대수명-중위 / 국제순이동-중위)","학령인구(천명): 초등학교(6-11세)",2701
"2022","중위 추계(기본 추계: 출산율-중위 / 기대수명-중위 / 국제순이동-중위)","학령인구(천명): 중학교(12-14세)",1368
"2022","중위 추계(기본 추계: 출산율-중위 / 기대수명-중위 / 국제순이동-중위)","학령인구(천명): 고등학교(15-17세)",1323
"2022","중위 추계(기본 추계: 출산율-중위 / 기대수명-중위 / 국제순이동-중위)","학령인구(천명): 대학교(18-21세)",2105
"2022","중위 추계(기본 추계: 출산율-중위 / 기대수명-중위 / 국제순이동-중위)","청소년인구(천명): 계(9-24세)",8164
"2022","중위 추계(기본 추계: 출산율-중위 / 기대수명-중위 / 국제순이동-중위)","청소년인구(천명): 9-13세",2290
"2022","중위 추계(기본 추계: 출산율-중위 / 기대수명-중위 / 국제순이동-중위)","청소년인구(천명): 14-17세",1803
"2022","중위 추계(기본 추계: 출산율-중위 / 기대수명-중위 / 국제순이동-중위)","청소년인구(천명): 18-19세",965
"2022","중위 추계(기본 추계: 출산율-중위 / 기대수명-중위 / 국제순이동-중위)","청소년인구(천명): 20-24세",3105
"2022","중위 추계(기본 추계: 출산율-중위 / 기대수명-중위 / 국제순이동-중위)","- 구성비(%): 9-13세",4.4
"2022","중위 추계(기본 추계: 출산율-중위 / 기대수명-중위 / 국제순이동-중위)","- 구성비(%): 14-17세",3.5
"2022","중위 추계(기본 추계: 출산율-중위 / 기대수명-중위 / 국제순이동-중위)","- 구성비(%): 18-19세",1.9
"2022","중위 추계(기본 추계: 출산율-중위 / 기대수명-중위 / 국제순이동-중위)","- 구성비(%): 20-24세",6
"2022","중위 추계(기본 추계: 출산율-중위 / 기대수명-중위 / 국제순이동-중위)","청년인구(천명): 19-34세",10612
"2022","중위 추계(기본 추계: 출산율-중위 / 기대수명-중위 / 국제순이동-중위)","- 구성비(%): 19-34세",20.5
"2022","중위 추계(기본 추계: 출산율-중위 / 기대수명-중위 / 국제순이동-중위)","유소년인구(천명): 0-14세",5948
"2022","중위 추계(기본 추계: 출산율-중위 / 기대수명-중위 / 국제순이동-중위)","- 구성비(%): 0-14세",11.5
"2022","중위 추계(기본 추계: 출산율-중위 / 기대수명-중위 / 국제순이동-중위)","영유아인구(천명): 0-5세",1879
"2022","중위 추계(기본 추계: 출산율-중위 / 기대수명-중위 / 국제순이동-중위)","- 구성비(%): 0-5세",3.6
"2023","중위 추계(기본 추계: 출산율-중위 / 기대수명-중위 / 국제순이동-중위)","생산연령인구(천명): 계(15~64세)",36572
"2023","중위 추계(기본 추계: 출산율-중위 / 기대수명-중위 / 국제순이동-중위)","생산연령인구(천명): 15-24세",5255
"2023","중위 추계(기본 추계: 출산율-중위 / 기대수명-중위 / 국제순이동-중위)","생산연령인구(천명): 25-49세",18462
"2023","중위 추계(기본 추계: 출산율-중위 / 기대수명-중위 / 국제순이동-중위)","생산연령인구(천명): 50-64세",12855
"2023","중위 추계(기본 추계: 출산율-중위 / 기대수명-중위 / 국제순이동-중위)","- 구성비(%): 15-24세",10.2
"2023","중위 추계(기본 추계: 출산율-중위 / 기대수명-중위 / 국제순이동-중위)","- 구성비(%): 25-49세",35.7
"2023","중위 추계(기본 추계: 출산율-중위 / 기대수명-중위 / 국제순이동-중위)","- 구성비(%): 50-64세",24.9
"2023","중위 추계(기본 추계: 출산율-중위 / 기대수명-중위 / 국제순이동-중위)","고령인구(천명): 65세+",9436
"2023","중위 추계(기본 추계: 출산율-중위 / 기대수명-중위 / 국제순이동-중위)","고령인구(천명): 65-69세",3274
"2023","중위 추계(기본 추계: 출산율-중위 / 기대수명-중위 / 국제순이동-중위)","고령인구(천명): 70세+",6162
"2023","중위 추계(기본 추계: 출산율-중위 / 기대수명-중위 / 국제순이동-중위)","고령인구(천명): 75세+",3927
"2023","중위 추계(기본 추계: 출산율-중위 / 기대수명-중위 / 국제순이동-중위)","고령인구(천명): 80세+",2290
"2023","중위 추계(기본 추계: 출산율-중위 / 기대수명-중위 / 국제순이동-중위)","고령인구(천명): 85세+",978
"2023","중위 추계(기본 추계: 출산율-중위 / 기대수명-중위 / 국제순이동-중위)","- 구성비(%): 65세+",18.2
"2023","중위 추계(기본 추계: 출산율-중위 / 기대수명-중위 / 국제순이동-중위)","- 구성비(%): 65-69세",6.3
"2023","중위 추계(기본 추계: 출산율-중위 / 기대수명-중위 / 국제순이동-중위)","- 구성비(%): 70세+",11.9
"2023","중위 추계(기본 추계: 출산율-중위 / 기대수명-중위 / 국제순이동-중위)","- 구성비(%): 75세+",7.6
"2023","중위 추계(기본 추계: 출산율-중위 / 기대수명-중위 / 국제순이동-중위)","- 구성비(%): 80세+",4.4
"2023","중위 추계(기본 추계: 출산율-중위 / 기대수명-중위 / 국제순이동-중위)","- 구성비(%): 85세+",1.9
"2023","중위 추계(기본 추계: 출산율-중위 / 기대수명-중위 / 국제순이동-중위)","- 성비(여자100명당): 65세+",78.4
"2023","중위 추계(기본 추계: 출산율-중위 / 기대수명-중위 / 국제순이동-중위)","- 성비(여자100명당): 65-69세",93.8
"2023","중위 추계(기본 추계: 출산율-중위 / 기대수명-중위 / 국제순이동-중위)","- 성비(여자100명당): 70세+",71.1
"2023","중위 추계(기본 추계: 출산율-중위 / 기대수명-중위 / 국제순이동-중위)","- 성비(여자100명당): 75세+",62.9
"2023","중위 추계(기본 추계: 출산율-중위 / 기대수명-중위 / 국제순이동-중위)","- 성비(여자100명당): 80세+",53
"2023","중위 추계(기본 추계: 출산율-중위 / 기대수명-중위 / 국제순이동-중위)","- 성비(여자100명당): 85세+",40.6
"2023","중위 추계(기본 추계: 출산율-중위 / 기대수명-중위 / 국제순이동-중위)","학령인구(천명): 계(6-21세)",7302
"2023","중위 추계(기본 추계: 출산율-중위 / 기대수명-중위 / 국제순이동-중위)","학령인구(천명): 초등학교(6-11세)",2607
"2023","중위 추계(기본 추계: 출산율-중위 / 기대수명-중위 / 국제순이동-중위)","학령인구(천명): 중학교(12-14세)",1364
"2023","중위 추계(기본 추계: 출산율-중위 / 기대수명-중위 / 국제순이동-중위)","학령인구(천명): 고등학교(15-17세)",1364
"2023","중위 추계(기본 추계: 출산율-중위 / 기대수명-중위 / 국제순이동-중위)","학령인구(천명): 대학교(18-21세)",1967
"2023","중위 추계(기본 추계: 출산율-중위 / 기대수명-중위 / 국제순이동-중위)","청소년인구(천명): 계(9-24세)",7975
"2023","중위 추계(기본 추계: 출산율-중위 / 기대수명-중위 / 국제순이동-중위)","청소년인구(천명): 9-13세",2274
"2023","중위 추계(기본 추계: 출산율-중위 / 기대수명-중위 / 국제순이동-중위)","청소년인구(천명): 14-17세",1811
"2023","중위 추계(기본 추계: 출산율-중위 / 기대수명-중위 / 국제순이동-중위)","청소년인구(천명): 18-19세",937
"2023","중위 추계(기본 추계: 출산율-중위 / 기대수명-중위 / 국제순이동-중위)","청소년인구(천명): 20-24세",2954
"2023","중위 추계(기본 추계: 출산율-중위 / 기대수명-중위 / 국제순이동-중위)","- 구성비(%): 9-13세",4.4
"2023","중위 추계(기본 추계: 출산율-중위 / 기대수명-중위 / 국제순이동-중위)","- 구성비(%): 14-17세",3.5
"2023","중위 추계(기본 추계: 출산율-중위 / 기대수명-중위 / 국제순이동-중위)","- 구성비(%): 18-19세",1.8
"2023","중위 추계(기본 추계: 출산율-중위 / 기대수명-중위 / 국제순이동-중위)","- 구성비(%): 20-24세",5.7
"2023","중위 추계(기본 추계: 출산율-중위 / 기대수명-중위 / 국제순이동-중위)","청년인구(천명): 19-34세",10563
"2023","중위 추계(기본 추계: 출산율-중위 / 기대수명-중위 / 국제순이동-중위)","- 구성비(%): 19-34세",20.4
"2023","중위 추계(기본 추계: 출산율-중위 / 기대수명-중위 / 국제순이동-중위)","유소년인구(천명): 0-14세",5705
"2023","중위 추계(기본 추계: 출산율-중위 / 기대수명-중위 / 국제순이동-중위)","- 구성비(%): 0-14세",11
"2023","중위 추계(기본 추계: 출산율-중위 / 기대수명-중위 / 국제순이동-중위)","영유아인구(천명): 0-5세",1734
"2023","중위 추계(기본 추계: 출산율-중위 / 기대수명-중위 / 국제순이동-중위)","- 구성비(%): 0-5세",3.4
"2024","중위 추계(기본 추계: 출산율-중위 / 기대수명-중위 / 국제순이동-중위)","생산연령인구(천명): 계(15~64세)",36328
"2024","중위 추계(기본 추계: 출산율-중위 / 기대수명-중위 / 국제순이동-중위)","생산연령인구(천명): 15-24세",5112
"2024","중위 추계(기본 추계: 출산율-중위 / 기대수명-중위 / 국제순이동-중위)","생산연령인구(천명): 25-49세",18299
"2024","중위 추계(기본 추계: 출산율-중위 / 기대수명-중위 / 국제순이동-중위)","생산연령인구(천명): 50-64세",12917
"2024","중위 추계(기본 추계: 출산율-중위 / 기대수명-중위 / 국제순이동-중위)","- 구성비(%): 15-24세",9.9
"2024","중위 추계(기본 추계: 출산율-중위 / 기대수명-중위 / 국제순이동-중위)","- 구성비(%): 25-49세",35.4
"2024","중위 추계(기본 추계: 출산율-중위 / 기대수명-중위 / 국제순이동-중위)","- 구성비(%): 50-64세",25
"2024","중위 추계(기본 추계: 출산율-중위 / 기대수명-중위 / 국제순이동-중위)","고령인구(천명): 65세+",9938
"2024","중위 추계(기본 추계: 출산율-중위 / 기대수명-중위 / 국제순이동-중위)","고령인구(천명): 65-69세",3509
"2024","중위 추계(기본 추계: 출산율-중위 / 기대수명-중위 / 국제순이동-중위)","고령인구(천명): 70세+",6429
"2024","중위 추계(기본 추계: 출산율-중위 / 기대수명-중위 / 국제순이동-중위)","고령인구(천명): 75세+",4106
"2024","중위 추계(기본 추계: 출산율-중위 / 기대수명-중위 / 국제순이동-중위)","고령인구(천명): 80세+",2383
"2024","중위 추계(기본 추계: 출산율-중위 / 기대수명-중위 / 국제순이동-중위)","고령인구(천명): 85세+",1060
"2024","중위 추계(기본 추계: 출산율-중위 / 기대수명-중위 / 국제순이동-중위)","- 구성비(%): 65세+",19.2
"2024","중위 추계(기본 추계: 출산율-중위 / 기대수명-중위 / 국제순이동-중위)","- 구성비(%): 65-69세",6.8
"2024","중위 추계(기본 추계: 출산율-중위 / 기대수명-중위 / 국제순이동-중위)","- 구성비(%): 70세+",12.4
"2024","중위 추계(기본 추계: 출산율-중위 / 기대수명-중위 / 국제순이동-중위)","- 구성비(%): 75세+",7.9
"2024","중위 추계(기본 추계: 출산율-중위 / 기대수명-중위 / 국제순이동-중위)","- 구성비(%): 80세+",4.6
"2024","중위 추계(기본 추계: 출산율-중위 / 기대수명-중위 / 국제순이동-중위)","- 구성비(%): 85세+",2
"2024","중위 추계(기본 추계: 출산율-중위 / 기대수명-중위 / 국제순이동-중위)","- 성비(여자100명당): 65세+",79
"2024","중위 추계(기본 추계: 출산율-중위 / 기대수명-중위 / 국제순이동-중위)","- 성비(여자100명당): 65-69세",94
"2024","중위 추계(기본 추계: 출산율-중위 / 기대수명-중위 / 국제순이동-중위)","- 성비(여자100명당): 70세+",71.8
"2024","중위 추계(기본 추계: 출산율-중위 / 기대수명-중위 / 국제순이동-중위)","- 성비(여자100명당): 75세+",63.8
"2024","중위 추계(기본 추계: 출산율-중위 / 기대수명-중위 / 국제순이동-중위)","- 성비(여자100명당): 80세+",53.4
"2024","중위 추계(기본 추계: 출산율-중위 / 기대수명-중위 / 국제순이동-중위)","- 성비(여자100명당): 85세+",41.6
"2024","중위 추계(기본 추계: 출산율-중위 / 기대수명-중위 / 국제순이동-중위)","학령인구(천명): 계(6-21세)",7147
"2024","중위 추계(기본 추계: 출산율-중위 / 기대수명-중위 / 국제순이동-중위)","학령인구(천명): 초등학교(6-11세)",2485
"2024","중위 추계(기본 추계: 출산율-중위 / 기대수명-중위 / 국제순이동-중위)","학령인구(천명): 중학교(12-14세)",1384
"2024","중위 추계(기본 추계: 출산율-중위 / 기대수명-중위 / 국제순이동-중위)","학령인구(천명): 고등학교(15-17세)",1379
"2024","중위 추계(기본 추계: 출산율-중위 / 기대수명-중위 / 국제순이동-중위)","학령인구(천명): 대학교(18-21세)",1899
"2024","중위 추계(기본 추계: 출산율-중위 / 기대수명-중위 / 국제순이동-중위)","청소년인구(천명): 계(9-24세)",7824
"2024","중위 추계(기본 추계: 출산율-중위 / 기대수명-중위 / 국제순이동-중위)","청소년인구(천명): 9-13세",2272
"2024","중위 추계(기본 추계: 출산율-중위 / 기대수명-중위 / 국제순이동-중위)","청소년인구(천명): 14-17세",1820
"2024","중위 추계(기본 추계: 출산율-중위 / 기대수명-중위 / 국제순이동-중위)","청소년인구(천명): 18-19세",893
"2024","중위 추계(기본 추계: 출산율-중위 / 기대수명-중위 / 국제순이동-중위)","청소년인구(천명): 20-24세",2839
"2024","중위 추계(기본 추계: 출산율-중위 / 기대수명-중위 / 국제순이동-중위)","- 구성비(%): 9-13세",4.4
"2024","중위 추계(기본 추계: 출산율-중위 / 기대수명-중위 / 국제순이동-중위)","- 구성비(%): 14-17세",3.5
"2024","중위 추계(기본 추계: 출산율-중위 / 기대수명-중위 / 국제순이동-중위)","- 구성비(%): 18-19세",1.7
"2024","중위 추계(기본 추계: 출산율-중위 / 기대수명-중위 / 국제순이동-중위)","- 구성비(%): 20-24세",5.5
"2024","중위 추계(기본 추계: 출산율-중위 / 기대수명-중위 / 국제순이동-중위)","청년인구(천명): 19-34세",10444
"2024","중위 추계(기본 추계: 출산율-중위 / 기대수명-중위 / 국제순이동-중위)","- 구성비(%): 19-34세",20.2
"2024","중위 추계(기본 추계: 출산율-중위 / 기대수명-중위 / 국제순이동-중위)","유소년인구(천명): 0-14세",5485
"2024","중위 추계(기본 추계: 출산율-중위 / 기대수명-중위 / 국제순이동-중위)","- 구성비(%): 0-14세",10.6
"2024","중위 추계(기본 추계: 출산율-중위 / 기대수명-중위 / 국제순이동-중위)","영유아인구(천명): 0-5세",1616
"2024","중위 추계(기본 추계: 출산율-중위 / 기대수명-중위 / 국제순이동-중위)","- 구성비(%): 0-5세",3.1
